-1,log,begin header for RandD2_WSi_4feb2013_Run1real,true
-1,set,axis 1 conversion_factor,6897.92
-1,set,mandrel_axis,2
-1,set,axis 1 accel_decel,500000
-1,set,current_bilayer,0
-1,set,axis 2 conversion_factor,600.521
-1,set,run_name,RandD2_WSi_4feb2013_Run1real
-1,set,axis 2 steps_in_rev,36000
-1,set,platen_axis,1
-1,set,cathode 1 name,cathode 1
-1,set,axis 3 conversion_factor,262.322834646
-1,set,current_sweep_iterations,0
-1,set,axis 3 accel_decel,50000
-1,set,N,20
-1,set,chamber_name,R&D2
-1,set,axis 1 name,platen
-1,set,linear_stage_axis,3
-1,set,axis 2 name,rotary stage
-1,set,axis 1 steps_in_rev,412500
-1,set,current_N,0
-1,set,axis 3 name,linear stage
-1,set,cathode 2 deposition_rate,1.3
-1,set,axis 2 accel_decel,50000
-1,set,cathode 2 name,cathode 2
-1,set,axis 3 steps_in_rev,53304
-1,set,cathode 1 deposition_rate,1.7
-1,log,N = 20,false
-1,log,axis 1 accel_decel = 500000,false
-1,log,axis 1 conversion_factor = 6897.92,false
-1,log,axis 1 name = platen,false
-1,log,axis 1 steps_in_rev = 412500,false
-1,log,axis 2 accel_decel = 50000,false
-1,log,axis 2 conversion_factor = 600.521,false
-1,log,axis 2 name = rotary stage,false
-1,log,axis 2 steps_in_rev = 36000,false
-1,log,axis 3 accel_decel = 50000,false
-1,log,axis 3 conversion_factor = 262.322834646,false
-1,log,axis 3 name = linear stage,false
-1,log,axis 3 steps_in_rev = 53304,false
-1,log,cathode 1 deposition_rate = 1.7,false
-1,log,cathode 1 name = cathode 1,false
-1,log,cathode 2 deposition_rate = 1.3,false
-1,log,cathode 2 name = cathode 2,false
-1,log,chamber_name = R&D2,false
-1,log,current_N = 0,false
-1,log,current_bilayer = 0,false
-1,log,current_sweep_iterations = 0,false
-1,log,linear_stage_axis = 3,false
-1,log,mandrel_axis = 2,false
-1,log,platen_axis = 1,false
-1,log,run_name = RandD2_WSi_4feb2013_Run1real,false
0,log,,false
1,log,starting layer 1,false
2,log,starting bilayer 1,false
3,set,current_N,1
4,set,current_bilayer,1
5,set,current_sweep_iterations,11.0
6,log,ofsetting platen back -0.0 degrees,false
7,move_angle,1,0,20693.76,500000
8,log,ofsetting rotary stage back -90.0 degrees,false
9,move_angle,2,-9000,1801.563,50000
10,log,sweeping slave axis platen at 0.0 angle at 0.0 RPM,false
11,slave_sweep,1,start,0,0.0,500000
12,log,opening shutter 1,true
13,shutter,1,open
14,log,sweeping rotary stage back and forth 11.0 times at 1.03888888889 RPM,false
15,sweep,2,11.0,18000,623.874594444,50000
16,log,closing shutter 1,true
17,shutter,1,close
18,log,stopping slave sweep for platen,false
19,slave_sweep,1,stop,0,0.0,500000
20,log,rezeroing rotary stage by moving -90.0 degrees,false
21,move_angle,2,-9000,1801.563,50000
22,log,rezero slave axis platen,false
23,slave_rezero,1,20693.76,500000
24,check_pause
25,log,moving platen -180.0 degrees,false
26,move_angle,1,-206250,20693.76,500000
27,check_pause
28,log,starting bilayer 2,false
29,set,current_N,1
30,set,current_bilayer,2
31,set,current_sweep_iterations,18.0
32,log,ofsetting platen back -0.0 degrees,false
33,move_angle,1,0,20693.76,500000
34,log,ofsetting rotary stage back -90.0 degrees,false
35,move_angle,2,-9000,1801.563,50000
36,log,sweeping slave axis platen at 0.0 angle at 0.0 RPM,false
37,slave_sweep,1,start,0,0.0,500000
38,log,opening shutter 2,true
39,shutter,2,open
40,log,sweeping rotary stage back and forth 18.0 times at 0.975 RPM,false
41,sweep,2,18.0,18000,585.507975,50000
42,log,closing shutter 2,true
43,shutter,2,close
44,log,stopping slave sweep for platen,false
45,slave_sweep,1,stop,0,0.0,500000
46,log,rezeroing rotary stage by moving 90.0 degrees,false
47,move_angle,2,9000,1801.563,50000
48,log,rezero slave axis platen,false
49,slave_rezero,1,20693.76,500000
50,check_pause
51,log,moving platen 180.0 degrees,false
52,move_angle,1,206250,20693.76,500000
53,check_pause
54,log,,false
55,log,starting layer 2,false
56,log,starting bilayer 1,false
57,set,current_N,2
58,set,current_bilayer,1
59,set,current_sweep_iterations,11.0
60,log,ofsetting platen back -0.0 degrees,false
61,move_angle,1,0,20693.76,500000
62,log,ofsetting rotary stage back -90.0 degrees,false
63,move_angle,2,-9000,1801.563,50000
64,log,sweeping slave axis platen at 0.0 angle at 0.0 RPM,false
65,slave_sweep,1,start,0,0.0,500000
66,log,opening shutter 1,true
67,shutter,1,open
68,log,sweeping rotary stage back and forth 11.0 times at 1.03888888889 RPM,false
69,sweep,2,11.0,18000,623.874594444,50000
70,log,closing shutter 1,true
71,shutter,1,close
72,log,stopping slave sweep for platen,false
73,slave_sweep,1,stop,0,0.0,500000
74,log,rezeroing rotary stage by moving -90.0 degrees,false
75,move_angle,2,-9000,1801.563,50000
76,log,rezero slave axis platen,false
77,slave_rezero,1,20693.76,500000
78,check_pause
79,log,moving platen -180.0 degrees,false
80,move_angle,1,-206250,20693.76,500000
81,check_pause
82,log,starting bilayer 2,false
83,set,current_N,2
84,set,current_bilayer,2
85,set,current_sweep_iterations,18.0
86,log,ofsetting platen back -0.0 degrees,false
87,move_angle,1,0,20693.76,500000
88,log,ofsetting rotary stage back -90.0 degrees,false
89,move_angle,2,-9000,1801.563,50000
90,log,sweeping slave axis platen at 0.0 angle at 0.0 RPM,false
91,slave_sweep,1,start,0,0.0,500000
92,log,opening shutter 2,true
93,shutter,2,open
94,log,sweeping rotary stage back and forth 18.0 times at 0.975 RPM,false
95,sweep,2,18.0,18000,585.507975,50000
96,log,closing shutter 2,true
97,shutter,2,close
98,log,stopping slave sweep for platen,false
99,slave_sweep,1,stop,0,0.0,500000
100,log,rezeroing rotary stage by moving 90.0 degrees,false
101,move_angle,2,9000,1801.563,50000
102,log,rezero slave axis platen,false
103,slave_rezero,1,20693.76,500000
104,check_pause
105,log,moving platen 180.0 degrees,false
106,move_angle,1,206250,20693.76,500000
107,check_pause
108,log,,false
109,log,starting layer 3,false
110,log,starting bilayer 1,false
111,set,current_N,3
112,set,current_bilayer,1
113,set,current_sweep_iterations,11.0
114,log,ofsetting platen back -0.0 degrees,false
115,move_angle,1,0,20693.76,500000
116,log,ofsetting rotary stage back -90.0 degrees,false
117,move_angle,2,-9000,1801.563,50000
118,log,sweeping slave axis platen at 0.0 angle at 0.0 RPM,false
119,slave_sweep,1,start,0,0.0,500000
120,log,opening shutter 1,true
121,shutter,1,open
122,log,sweeping rotary stage back and forth 11.0 times at 1.03888888889 RPM,false
123,sweep,2,11.0,18000,623.874594444,50000
124,log,closing shutter 1,true
125,shutter,1,close
126,log,stopping slave sweep for platen,false
127,slave_sweep,1,stop,0,0.0,500000
128,log,rezeroing rotary stage by moving -90.0 degrees,false
129,move_angle,2,-9000,1801.563,50000
130,log,rezero slave axis platen,false
131,slave_rezero,1,20693.76,500000
132,check_pause
133,log,moving platen -180.0 degrees,false
134,move_angle,1,-206250,20693.76,500000
135,check_pause
136,log,starting bilayer 2,false
137,set,current_N,3
138,set,current_bilayer,2
139,set,current_sweep_iterations,18.0
140,log,ofsetting platen back -0.0 degrees,false
141,move_angle,1,0,20693.76,500000
142,log,ofsetting rotary stage back -90.0 degrees,false
143,move_angle,2,-9000,1801.563,50000
144,log,sweeping slave axis platen at 0.0 angle at 0.0 RPM,false
145,slave_sweep,1,start,0,0.0,500000
146,log,opening shutter 2,true
147,shutter,2,open
148,log,sweeping rotary stage back and forth 18.0 times at 0.975 RPM,false
149,sweep,2,18.0,18000,585.507975,50000
150,log,closing shutter 2,true
151,shutter,2,close
152,log,stopping slave sweep for platen,false
153,slave_sweep,1,stop,0,0.0,500000
154,log,rezeroing rotary stage by moving 90.0 degrees,false
155,move_angle,2,9000,1801.563,50000
156,log,rezero slave axis platen,false
157,slave_rezero,1,20693.76,500000
158,check_pause
159,log,moving platen 180.0 degrees,false
160,move_angle,1,206250,20693.76,500000
161,check_pause
162,log,,false
163,log,starting layer 4,false
164,log,starting bilayer 1,false
165,set,current_N,4
166,set,current_bilayer,1
167,set,current_sweep_iterations,11.0
168,log,ofsetting platen back -0.0 degrees,false
169,move_angle,1,0,20693.76,500000
170,log,ofsetting rotary stage back -90.0 degrees,false
171,move_angle,2,-9000,1801.563,50000
172,log,sweeping slave axis platen at 0.0 angle at 0.0 RPM,false
173,slave_sweep,1,start,0,0.0,500000
174,log,opening shutter 1,true
175,shutter,1,open
176,log,sweeping rotary stage back and forth 11.0 times at 1.03888888889 RPM,false
177,sweep,2,11.0,18000,623.874594444,50000
178,log,closing shutter 1,true
179,shutter,1,close
180,log,stopping slave sweep for platen,false
181,slave_sweep,1,stop,0,0.0,500000
182,log,rezeroing rotary stage by moving -90.0 degrees,false
183,move_angle,2,-9000,1801.563,50000
184,log,rezero slave axis platen,false
185,slave_rezero,1,20693.76,500000
186,check_pause
187,log,moving platen -180.0 degrees,false
188,move_angle,1,-206250,20693.76,500000
189,check_pause
190,log,starting bilayer 2,false
191,set,current_N,4
192,set,current_bilayer,2
193,set,current_sweep_iterations,18.0
194,log,ofsetting platen back -0.0 degrees,false
195,move_angle,1,0,20693.76,500000
196,log,ofsetting rotary stage back -90.0 degrees,false
197,move_angle,2,-9000,1801.563,50000
198,log,sweeping slave axis platen at 0.0 angle at 0.0 RPM,false
199,slave_sweep,1,start,0,0.0,500000
200,log,opening shutter 2,true
201,shutter,2,open
202,log,sweeping rotary stage back and forth 18.0 times at 0.975 RPM,false
203,sweep,2,18.0,18000,585.507975,50000
204,log,closing shutter 2,true
205,shutter,2,close
206,log,stopping slave sweep for platen,false
207,slave_sweep,1,stop,0,0.0,500000
208,log,rezeroing rotary stage by moving 90.0 degrees,false
209,move_angle,2,9000,1801.563,50000
210,log,rezero slave axis platen,false
211,slave_rezero,1,20693.76,500000
212,check_pause
213,log,moving platen 180.0 degrees,false
214,move_angle,1,206250,20693.76,500000
215,check_pause
216,log,,false
217,log,starting layer 5,false
218,log,starting bilayer 1,false
219,set,current_N,5
220,set,current_bilayer,1
221,set,current_sweep_iterations,11.0
222,log,ofsetting platen back -0.0 degrees,false
223,move_angle,1,0,20693.76,500000
224,log,ofsetting rotary stage back -90.0 degrees,false
225,move_angle,2,-9000,1801.563,50000
226,log,sweeping slave axis platen at 0.0 angle at 0.0 RPM,false
227,slave_sweep,1,start,0,0.0,500000
228,log,opening shutter 1,true
229,shutter,1,open
230,log,sweeping rotary stage back and forth 11.0 times at 1.03888888889 RPM,false
231,sweep,2,11.0,18000,623.874594444,50000
232,log,closing shutter 1,true
233,shutter,1,close
234,log,stopping slave sweep for platen,false
235,slave_sweep,1,stop,0,0.0,500000
236,log,rezeroing rotary stage by moving -90.0 degrees,false
237,move_angle,2,-9000,1801.563,50000
238,log,rezero slave axis platen,false
239,slave_rezero,1,20693.76,500000
240,check_pause
241,log,moving platen -180.0 degrees,false
242,move_angle,1,-206250,20693.76,500000
243,check_pause
244,log,starting bilayer 2,false
245,set,current_N,5
246,set,current_bilayer,2
247,set,current_sweep_iterations,18.0
248,log,ofsetting platen back -0.0 degrees,false
249,move_angle,1,0,20693.76,500000
250,log,ofsetting rotary stage back -90.0 degrees,false
251,move_angle,2,-9000,1801.563,50000
252,log,sweeping slave axis platen at 0.0 angle at 0.0 RPM,false
253,slave_sweep,1,start,0,0.0,500000
254,log,opening shutter 2,true
255,shutter,2,open
256,log,sweeping rotary stage back and forth 18.0 times at 0.975 RPM,false
257,sweep,2,18.0,18000,585.507975,50000
258,log,closing shutter 2,true
259,shutter,2,close
260,log,stopping slave sweep for platen,false
261,slave_sweep,1,stop,0,0.0,500000
262,log,rezeroing rotary stage by moving 90.0 degrees,false
263,move_angle,2,9000,1801.563,50000
264,log,rezero slave axis platen,false
265,slave_rezero,1,20693.76,500000
266,check_pause
267,log,moving platen 180.0 degrees,false
268,move_angle,1,206250,20693.76,500000
269,check_pause
270,log,,false
271,log,starting layer 6,false
272,log,starting bilayer 1,false
273,set,current_N,6
274,set,current_bilayer,1
275,set,current_sweep_iterations,11.0
276,log,ofsetting platen back -0.0 degrees,false
277,move_angle,1,0,20693.76,500000
278,log,ofsetting rotary stage back -90.0 degrees,false
279,move_angle,2,-9000,1801.563,50000
280,log,sweeping slave axis platen at 0.0 angle at 0.0 RPM,false
281,slave_sweep,1,start,0,0.0,500000
282,log,opening shutter 1,true
283,shutter,1,open
284,log,sweeping rotary stage back and forth 11.0 times at 1.03888888889 RPM,false
285,sweep,2,11.0,18000,623.874594444,50000
286,log,closing shutter 1,true
287,shutter,1,close
288,log,stopping slave sweep for platen,false
289,slave_sweep,1,stop,0,0.0,500000
290,log,rezeroing rotary stage by moving -90.0 degrees,false
291,move_angle,2,-9000,1801.563,50000
292,log,rezero slave axis platen,false
293,slave_rezero,1,20693.76,500000
294,check_pause
295,log,moving platen -180.0 degrees,false
296,move_angle,1,-206250,20693.76,500000
297,check_pause
298,log,starting bilayer 2,false
299,set,current_N,6
300,set,current_bilayer,2
301,set,current_sweep_iterations,18.0
302,log,ofsetting platen back -0.0 degrees,false
303,move_angle,1,0,20693.76,500000
304,log,ofsetting rotary stage back -90.0 degrees,false
305,move_angle,2,-9000,1801.563,50000
306,log,sweeping slave axis platen at 0.0 angle at 0.0 RPM,false
307,slave_sweep,1,start,0,0.0,500000
308,log,opening shutter 2,true
309,shutter,2,open
310,log,sweeping rotary stage back and forth 18.0 times at 0.975 RPM,false
311,sweep,2,18.0,18000,585.507975,50000
312,log,closing shutter 2,true
313,shutter,2,close
314,log,stopping slave sweep for platen,false
315,slave_sweep,1,stop,0,0.0,500000
316,log,rezeroing rotary stage by moving 90.0 degrees,false
317,move_angle,2,9000,1801.563,50000
318,log,rezero slave axis platen,false
319,slave_rezero,1,20693.76,500000
320,check_pause
321,log,moving platen 180.0 degrees,false
322,move_angle,1,206250,20693.76,500000
323,check_pause
324,log,,false
325,log,starting layer 7,false
326,log,starting bilayer 1,false
327,set,current_N,7
328,set,current_bilayer,1
329,set,current_sweep_iterations,11.0
330,log,ofsetting platen back -0.0 degrees,false
331,move_angle,1,0,20693.76,500000
332,log,ofsetting rotary stage back -90.0 degrees,false
333,move_angle,2,-9000,1801.563,50000
334,log,sweeping slave axis platen at 0.0 angle at 0.0 RPM,false
335,slave_sweep,1,start,0,0.0,500000
336,log,opening shutter 1,true
337,shutter,1,open
338,log,sweeping rotary stage back and forth 11.0 times at 1.03888888889 RPM,false
339,sweep,2,11.0,18000,623.874594444,50000
340,log,closing shutter 1,true
341,shutter,1,close
342,log,stopping slave sweep for platen,false
343,slave_sweep,1,stop,0,0.0,500000
344,log,rezeroing rotary stage by moving -90.0 degrees,false
345,move_angle,2,-9000,1801.563,50000
346,log,rezero slave axis platen,false
347,slave_rezero,1,20693.76,500000
348,check_pause
349,log,moving platen -180.0 degrees,false
350,move_angle,1,-206250,20693.76,500000
351,check_pause
352,log,starting bilayer 2,false
353,set,current_N,7
354,set,current_bilayer,2
355,set,current_sweep_iterations,18.0
356,log,ofsetting platen back -0.0 degrees,false
357,move_angle,1,0,20693.76,500000
358,log,ofsetting rotary stage back -90.0 degrees,false
359,move_angle,2,-9000,1801.563,50000
360,log,sweeping slave axis platen at 0.0 angle at 0.0 RPM,false
361,slave_sweep,1,start,0,0.0,500000
362,log,opening shutter 2,true
363,shutter,2,open
364,log,sweeping rotary stage back and forth 18.0 times at 0.975 RPM,false
365,sweep,2,18.0,18000,585.507975,50000
366,log,closing shutter 2,true
367,shutter,2,close
368,log,stopping slave sweep for platen,false
369,slave_sweep,1,stop,0,0.0,500000
370,log,rezeroing rotary stage by moving 90.0 degrees,false
371,move_angle,2,9000,1801.563,50000
372,log,rezero slave axis platen,false
373,slave_rezero,1,20693.76,500000
374,check_pause
375,log,moving platen 180.0 degrees,false
376,move_angle,1,206250,20693.76,500000
377,check_pause
378,log,,false
379,log,starting layer 8,false
380,log,starting bilayer 1,false
381,set,current_N,8
382,set,current_bilayer,1
383,set,current_sweep_iterations,11.0
384,log,ofsetting platen back -0.0 degrees,false
385,move_angle,1,0,20693.76,500000
386,log,ofsetting rotary stage back -90.0 degrees,false
387,move_angle,2,-9000,1801.563,50000
388,log,sweeping slave axis platen at 0.0 angle at 0.0 RPM,false
389,slave_sweep,1,start,0,0.0,500000
390,log,opening shutter 1,true
391,shutter,1,open
392,log,sweeping rotary stage back and forth 11.0 times at 1.03888888889 RPM,false
393,sweep,2,11.0,18000,623.874594444,50000
394,log,closing shutter 1,true
395,shutter,1,close
396,log,stopping slave sweep for platen,false
397,slave_sweep,1,stop,0,0.0,500000
398,log,rezeroing rotary stage by moving -90.0 degrees,false
399,move_angle,2,-9000,1801.563,50000
400,log,rezero slave axis platen,false
401,slave_rezero,1,20693.76,500000
402,check_pause
403,log,moving platen -180.0 degrees,false
404,move_angle,1,-206250,20693.76,500000
405,check_pause
406,log,starting bilayer 2,false
407,set,current_N,8
408,set,current_bilayer,2
409,set,current_sweep_iterations,18.0
410,log,ofsetting platen back -0.0 degrees,false
411,move_angle,1,0,20693.76,500000
412,log,ofsetting rotary stage back -90.0 degrees,false
413,move_angle,2,-9000,1801.563,50000
414,log,sweeping slave axis platen at 0.0 angle at 0.0 RPM,false
415,slave_sweep,1,start,0,0.0,500000
416,log,opening shutter 2,true
417,shutter,2,open
418,log,sweeping rotary stage back and forth 18.0 times at 0.975 RPM,false
419,sweep,2,18.0,18000,585.507975,50000
420,log,closing shutter 2,true
421,shutter,2,close
422,log,stopping slave sweep for platen,false
423,slave_sweep,1,stop,0,0.0,500000
424,log,rezeroing rotary stage by moving 90.0 degrees,false
425,move_angle,2,9000,1801.563,50000
426,log,rezero slave axis platen,false
427,slave_rezero,1,20693.76,500000
428,check_pause
429,log,moving platen 180.0 degrees,false
430,move_angle,1,206250,20693.76,500000
431,check_pause
432,log,,false
433,log,starting layer 9,false
434,log,starting bilayer 1,false
435,set,current_N,9
436,set,current_bilayer,1
437,set,current_sweep_iterations,11.0
438,log,ofsetting platen back -0.0 degrees,false
439,move_angle,1,0,20693.76,500000
440,log,ofsetting rotary stage back -90.0 degrees,false
441,move_angle,2,-9000,1801.563,50000
442,log,sweeping slave axis platen at 0.0 angle at 0.0 RPM,false
443,slave_sweep,1,start,0,0.0,500000
444,log,opening shutter 1,true
445,shutter,1,open
446,log,sweeping rotary stage back and forth 11.0 times at 1.03888888889 RPM,false
447,sweep,2,11.0,18000,623.874594444,50000
448,log,closing shutter 1,true
449,shutter,1,close
450,log,stopping slave sweep for platen,false
451,slave_sweep,1,stop,0,0.0,500000
452,log,rezeroing rotary stage by moving -90.0 degrees,false
453,move_angle,2,-9000,1801.563,50000
454,log,rezero slave axis platen,false
455,slave_rezero,1,20693.76,500000
456,check_pause
457,log,moving platen -180.0 degrees,false
458,move_angle,1,-206250,20693.76,500000
459,check_pause
460,log,starting bilayer 2,false
461,set,current_N,9
462,set,current_bilayer,2
463,set,current_sweep_iterations,18.0
464,log,ofsetting platen back -0.0 degrees,false
465,move_angle,1,0,20693.76,500000
466,log,ofsetting rotary stage back -90.0 degrees,false
467,move_angle,2,-9000,1801.563,50000
468,log,sweeping slave axis platen at 0.0 angle at 0.0 RPM,false
469,slave_sweep,1,start,0,0.0,500000
470,log,opening shutter 2,true
471,shutter,2,open
472,log,sweeping rotary stage back and forth 18.0 times at 0.975 RPM,false
473,sweep,2,18.0,18000,585.507975,50000
474,log,closing shutter 2,true
475,shutter,2,close
476,log,stopping slave sweep for platen,false
477,slave_sweep,1,stop,0,0.0,500000
478,log,rezeroing rotary stage by moving 90.0 degrees,false
479,move_angle,2,9000,1801.563,50000
480,log,rezero slave axis platen,false
481,slave_rezero,1,20693.76,500000
482,check_pause
483,log,moving platen 180.0 degrees,false
484,move_angle,1,206250,20693.76,500000
485,check_pause
486,log,,false
487,log,starting layer 10,false
488,log,starting bilayer 1,false
489,set,current_N,10
490,set,current_bilayer,1
491,set,current_sweep_iterations,11.0
492,log,ofsetting platen back -0.0 degrees,false
493,move_angle,1,0,20693.76,500000
494,log,ofsetting rotary stage back -90.0 degrees,false
495,move_angle,2,-9000,1801.563,50000
496,log,sweeping slave axis platen at 0.0 angle at 0.0 RPM,false
497,slave_sweep,1,start,0,0.0,500000
498,log,opening shutter 1,true
499,shutter,1,open
500,log,sweeping rotary stage back and forth 11.0 times at 1.03888888889 RPM,false
501,sweep,2,11.0,18000,623.874594444,50000
502,log,closing shutter 1,true
503,shutter,1,close
504,log,stopping slave sweep for platen,false
505,slave_sweep,1,stop,0,0.0,500000
506,log,rezeroing rotary stage by moving -90.0 degrees,false
507,move_angle,2,-9000,1801.563,50000
508,log,rezero slave axis platen,false
509,slave_rezero,1,20693.76,500000
510,check_pause
511,log,moving platen -180.0 degrees,false
512,move_angle,1,-206250,20693.76,500000
513,check_pause
514,log,starting bilayer 2,false
515,set,current_N,10
516,set,current_bilayer,2
517,set,current_sweep_iterations,18.0
518,log,ofsetting platen back -0.0 degrees,false
519,move_angle,1,0,20693.76,500000
520,log,ofsetting rotary stage back -90.0 degrees,false
521,move_angle,2,-9000,1801.563,50000
522,log,sweeping slave axis platen at 0.0 angle at 0.0 RPM,false
523,slave_sweep,1,start,0,0.0,500000
524,log,opening shutter 2,true
525,shutter,2,open
526,log,sweeping rotary stage back and forth 18.0 times at 0.975 RPM,false
527,sweep,2,18.0,18000,585.507975,50000
528,log,closing shutter 2,true
529,shutter,2,close
530,log,stopping slave sweep for platen,false
531,slave_sweep,1,stop,0,0.0,500000
532,log,rezeroing rotary stage by moving 90.0 degrees,false
533,move_angle,2,9000,1801.563,50000
534,log,rezero slave axis platen,false
535,slave_rezero,1,20693.76,500000
536,check_pause
537,log,moving platen 180.0 degrees,false
538,move_angle,1,206250,20693.76,500000
539,check_pause
540,log,,false
541,log,starting layer 11,false
542,log,starting bilayer 1,false
543,set,current_N,11
544,set,current_bilayer,1
545,set,current_sweep_iterations,11.0
546,log,ofsetting platen back -0.0 degrees,false
547,move_angle,1,0,20693.76,500000
548,log,ofsetting rotary stage back -90.0 degrees,false
549,move_angle,2,-9000,1801.563,50000
550,log,sweeping slave axis platen at 0.0 angle at 0.0 RPM,false
551,slave_sweep,1,start,0,0.0,500000
552,log,opening shutter 1,true
553,shutter,1,open
554,log,sweeping rotary stage back and forth 11.0 times at 1.03888888889 RPM,false
555,sweep,2,11.0,18000,623.874594444,50000
556,log,closing shutter 1,true
557,shutter,1,close
558,log,stopping slave sweep for platen,false
559,slave_sweep,1,stop,0,0.0,500000
560,log,rezeroing rotary stage by moving -90.0 degrees,false
561,move_angle,2,-9000,1801.563,50000
562,log,rezero slave axis platen,false
563,slave_rezero,1,20693.76,500000
564,check_pause
565,log,moving platen -180.0 degrees,false
566,move_angle,1,-206250,20693.76,500000
567,check_pause
568,log,starting bilayer 2,false
569,set,current_N,11
570,set,current_bilayer,2
571,set,current_sweep_iterations,18.0
572,log,ofsetting platen back -0.0 degrees,false
573,move_angle,1,0,20693.76,500000
574,log,ofsetting rotary stage back -90.0 degrees,false
575,move_angle,2,-9000,1801.563,50000
576,log,sweeping slave axis platen at 0.0 angle at 0.0 RPM,false
577,slave_sweep,1,start,0,0.0,500000
578,log,opening shutter 2,true
579,shutter,2,open
580,log,sweeping rotary stage back and forth 18.0 times at 0.975 RPM,false
581,sweep,2,18.0,18000,585.507975,50000
582,log,closing shutter 2,true
583,shutter,2,close
584,log,stopping slave sweep for platen,false
585,slave_sweep,1,stop,0,0.0,500000
586,log,rezeroing rotary stage by moving 90.0 degrees,false
587,move_angle,2,9000,1801.563,50000
588,log,rezero slave axis platen,false
589,slave_rezero,1,20693.76,500000
590,check_pause
591,log,moving platen 180.0 degrees,false
592,move_angle,1,206250,20693.76,500000
593,check_pause
594,log,,false
595,log,starting layer 12,false
596,log,starting bilayer 1,false
597,set,current_N,12
598,set,current_bilayer,1
599,set,current_sweep_iterations,11.0
600,log,ofsetting platen back -0.0 degrees,false
601,move_angle,1,0,20693.76,500000
602,log,ofsetting rotary stage back -90.0 degrees,false
603,move_angle,2,-9000,1801.563,50000
604,log,sweeping slave axis platen at 0.0 angle at 0.0 RPM,false
605,slave_sweep,1,start,0,0.0,500000
606,log,opening shutter 1,true
607,shutter,1,open
608,log,sweeping rotary stage back and forth 11.0 times at 1.03888888889 RPM,false
609,sweep,2,11.0,18000,623.874594444,50000
610,log,closing shutter 1,true
611,shutter,1,close
612,log,stopping slave sweep for platen,false
613,slave_sweep,1,stop,0,0.0,500000
614,log,rezeroing rotary stage by moving -90.0 degrees,false
615,move_angle,2,-9000,1801.563,50000
616,log,rezero slave axis platen,false
617,slave_rezero,1,20693.76,500000
618,check_pause
619,log,moving platen -180.0 degrees,false
620,move_angle,1,-206250,20693.76,500000
621,check_pause
622,log,starting bilayer 2,false
623,set,current_N,12
624,set,current_bilayer,2
625,set,current_sweep_iterations,18.0
626,log,ofsetting platen back -0.0 degrees,false
627,move_angle,1,0,20693.76,500000
628,log,ofsetting rotary stage back -90.0 degrees,false
629,move_angle,2,-9000,1801.563,50000
630,log,sweeping slave axis platen at 0.0 angle at 0.0 RPM,false
631,slave_sweep,1,start,0,0.0,500000
632,log,opening shutter 2,true
633,shutter,2,open
634,log,sweeping rotary stage back and forth 18.0 times at 0.975 RPM,false
635,sweep,2,18.0,18000,585.507975,50000
636,log,closing shutter 2,true
637,shutter,2,close
638,log,stopping slave sweep for platen,false
639,slave_sweep,1,stop,0,0.0,500000
640,log,rezeroing rotary stage by moving 90.0 degrees,false
641,move_angle,2,9000,1801.563,50000
642,log,rezero slave axis platen,false
643,slave_rezero,1,20693.76,500000
644,check_pause
645,log,moving platen 180.0 degrees,false
646,move_angle,1,206250,20693.76,500000
647,check_pause
648,log,,false
649,log,starting layer 13,false
650,log,starting bilayer 1,false
651,set,current_N,13
652,set,current_bilayer,1
653,set,current_sweep_iterations,11.0
654,log,ofsetting platen back -0.0 degrees,false
655,move_angle,1,0,20693.76,500000
656,log,ofsetting rotary stage back -90.0 degrees,false
657,move_angle,2,-9000,1801.563,50000
658,log,sweeping slave axis platen at 0.0 angle at 0.0 RPM,false
659,slave_sweep,1,start,0,0.0,500000
660,log,opening shutter 1,true
661,shutter,1,open
662,log,sweeping rotary stage back and forth 11.0 times at 1.03888888889 RPM,false
663,sweep,2,11.0,18000,623.874594444,50000
664,log,closing shutter 1,true
665,shutter,1,close
666,log,stopping slave sweep for platen,false
667,slave_sweep,1,stop,0,0.0,500000
668,log,rezeroing rotary stage by moving -90.0 degrees,false
669,move_angle,2,-9000,1801.563,50000
670,log,rezero slave axis platen,false
671,slave_rezero,1,20693.76,500000
672,check_pause
673,log,moving platen -180.0 degrees,false
674,move_angle,1,-206250,20693.76,500000
675,check_pause
676,log,starting bilayer 2,false
677,set,current_N,13
678,set,current_bilayer,2
679,set,current_sweep_iterations,18.0
680,log,ofsetting platen back -0.0 degrees,false
681,move_angle,1,0,20693.76,500000
682,log,ofsetting rotary stage back -90.0 degrees,false
683,move_angle,2,-9000,1801.563,50000
684,log,sweeping slave axis platen at 0.0 angle at 0.0 RPM,false
685,slave_sweep,1,start,0,0.0,500000
686,log,opening shutter 2,true
687,shutter,2,open
688,log,sweeping rotary stage back and forth 18.0 times at 0.975 RPM,false
689,sweep,2,18.0,18000,585.507975,50000
690,log,closing shutter 2,true
691,shutter,2,close
692,log,stopping slave sweep for platen,false
693,slave_sweep,1,stop,0,0.0,500000
694,log,rezeroing rotary stage by moving 90.0 degrees,false
695,move_angle,2,9000,1801.563,50000
696,log,rezero slave axis platen,false
697,slave_rezero,1,20693.76,500000
698,check_pause
699,log,moving platen 180.0 degrees,false
700,move_angle,1,206250,20693.76,500000
701,check_pause
702,log,,false
703,log,starting layer 14,false
704,log,starting bilayer 1,false
705,set,current_N,14
706,set,current_bilayer,1
707,set,current_sweep_iterations,11.0
708,log,ofsetting platen back -0.0 degrees,false
709,move_angle,1,0,20693.76,500000
710,log,ofsetting rotary stage back -90.0 degrees,false
711,move_angle,2,-9000,1801.563,50000
712,log,sweeping slave axis platen at 0.0 angle at 0.0 RPM,false
713,slave_sweep,1,start,0,0.0,500000
714,log,opening shutter 1,true
715,shutter,1,open
716,log,sweeping rotary stage back and forth 11.0 times at 1.03888888889 RPM,false
717,sweep,2,11.0,18000,623.874594444,50000
718,log,closing shutter 1,true
719,shutter,1,close
720,log,stopping slave sweep for platen,false
721,slave_sweep,1,stop,0,0.0,500000
722,log,rezeroing rotary stage by moving -90.0 degrees,false
723,move_angle,2,-9000,1801.563,50000
724,log,rezero slave axis platen,false
725,slave_rezero,1,20693.76,500000
726,check_pause
727,log,moving platen -180.0 degrees,false
728,move_angle,1,-206250,20693.76,500000
729,check_pause
730,log,starting bilayer 2,false
731,set,current_N,14
732,set,current_bilayer,2
733,set,current_sweep_iterations,18.0
734,log,ofsetting platen back -0.0 degrees,false
735,move_angle,1,0,20693.76,500000
736,log,ofsetting rotary stage back -90.0 degrees,false
737,move_angle,2,-9000,1801.563,50000
738,log,sweeping slave axis platen at 0.0 angle at 0.0 RPM,false
739,slave_sweep,1,start,0,0.0,500000
740,log,opening shutter 2,true
741,shutter,2,open
742,log,sweeping rotary stage back and forth 18.0 times at 0.975 RPM,false
743,sweep,2,18.0,18000,585.507975,50000
744,log,closing shutter 2,true
745,shutter,2,close
746,log,stopping slave sweep for platen,false
747,slave_sweep,1,stop,0,0.0,500000
748,log,rezeroing rotary stage by moving 90.0 degrees,false
749,move_angle,2,9000,1801.563,50000
750,log,rezero slave axis platen,false
751,slave_rezero,1,20693.76,500000
752,check_pause
753,log,moving platen 180.0 degrees,false
754,move_angle,1,206250,20693.76,500000
755,check_pause
756,log,,false
757,log,starting layer 15,false
758,log,starting bilayer 1,false
759,set,current_N,15
760,set,current_bilayer,1
761,set,current_sweep_iterations,11.0
762,log,ofsetting platen back -0.0 degrees,false
763,move_angle,1,0,20693.76,500000
764,log,ofsetting rotary stage back -90.0 degrees,false
765,move_angle,2,-9000,1801.563,50000
766,log,sweeping slave axis platen at 0.0 angle at 0.0 RPM,false
767,slave_sweep,1,start,0,0.0,500000
768,log,opening shutter 1,true
769,shutter,1,open
770,log,sweeping rotary stage back and forth 11.0 times at 1.03888888889 RPM,false
771,sweep,2,11.0,18000,623.874594444,50000
772,log,closing shutter 1,true
773,shutter,1,close
774,log,stopping slave sweep for platen,false
775,slave_sweep,1,stop,0,0.0,500000
776,log,rezeroing rotary stage by moving -90.0 degrees,false
777,move_angle,2,-9000,1801.563,50000
778,log,rezero slave axis platen,false
779,slave_rezero,1,20693.76,500000
780,check_pause
781,log,moving platen -180.0 degrees,false
782,move_angle,1,-206250,20693.76,500000
783,check_pause
784,log,starting bilayer 2,false
785,set,current_N,15
786,set,current_bilayer,2
787,set,current_sweep_iterations,18.0
788,log,ofsetting platen back -0.0 degrees,false
789,move_angle,1,0,20693.76,500000
790,log,ofsetting rotary stage back -90.0 degrees,false
791,move_angle,2,-9000,1801.563,50000
792,log,sweeping slave axis platen at 0.0 angle at 0.0 RPM,false
793,slave_sweep,1,start,0,0.0,500000
794,log,opening shutter 2,true
795,shutter,2,open
796,log,sweeping rotary stage back and forth 18.0 times at 0.975 RPM,false
797,sweep,2,18.0,18000,585.507975,50000
798,log,closing shutter 2,true
799,shutter,2,close
800,log,stopping slave sweep for platen,false
801,slave_sweep,1,stop,0,0.0,500000
802,log,rezeroing rotary stage by moving 90.0 degrees,false
803,move_angle,2,9000,1801.563,50000
804,log,rezero slave axis platen,false
805,slave_rezero,1,20693.76,500000
806,check_pause
807,log,moving platen 180.0 degrees,false
808,move_angle,1,206250,20693.76,500000
809,check_pause
810,log,,false
811,log,starting layer 16,false
812,log,starting bilayer 1,false
813,set,current_N,16
814,set,current_bilayer,1
815,set,current_sweep_iterations,11.0
816,log,ofsetting platen back -0.0 degrees,false
817,move_angle,1,0,20693.76,500000
818,log,ofsetting rotary stage back -90.0 degrees,false
819,move_angle,2,-9000,1801.563,50000
820,log,sweeping slave axis platen at 0.0 angle at 0.0 RPM,false
821,slave_sweep,1,start,0,0.0,500000
822,log,opening shutter 1,true
823,shutter,1,open
824,log,sweeping rotary stage back and forth 11.0 times at 1.03888888889 RPM,false
825,sweep,2,11.0,18000,623.874594444,50000
826,log,closing shutter 1,true
827,shutter,1,close
828,log,stopping slave sweep for platen,false
829,slave_sweep,1,stop,0,0.0,500000
830,log,rezeroing rotary stage by moving -90.0 degrees,false
831,move_angle,2,-9000,1801.563,50000
832,log,rezero slave axis platen,false
833,slave_rezero,1,20693.76,500000
834,check_pause
835,log,moving platen -180.0 degrees,false
836,move_angle,1,-206250,20693.76,500000
837,check_pause
838,log,starting bilayer 2,false
839,set,current_N,16
840,set,current_bilayer,2
841,set,current_sweep_iterations,18.0
842,log,ofsetting platen back -0.0 degrees,false
843,move_angle,1,0,20693.76,500000
844,log,ofsetting rotary stage back -90.0 degrees,false
845,move_angle,2,-9000,1801.563,50000
846,log,sweeping slave axis platen at 0.0 angle at 0.0 RPM,false
847,slave_sweep,1,start,0,0.0,500000
848,log,opening shutter 2,true
849,shutter,2,open
850,log,sweeping rotary stage back and forth 18.0 times at 0.975 RPM,false
851,sweep,2,18.0,18000,585.507975,50000
852,log,closing shutter 2,true
853,shutter,2,close
854,log,stopping slave sweep for platen,false
855,slave_sweep,1,stop,0,0.0,500000
856,log,rezeroing rotary stage by moving 90.0 degrees,false
857,move_angle,2,9000,1801.563,50000
858,log,rezero slave axis platen,false
859,slave_rezero,1,20693.76,500000
860,check_pause
861,log,moving platen 180.0 degrees,false
862,move_angle,1,206250,20693.76,500000
863,check_pause
864,log,,false
865,log,starting layer 17,false
866,log,starting bilayer 1,false
867,set,current_N,17
868,set,current_bilayer,1
869,set,current_sweep_iterations,11.0
870,log,ofsetting platen back -0.0 degrees,false
871,move_angle,1,0,20693.76,500000
872,log,ofsetting rotary stage back -90.0 degrees,false
873,move_angle,2,-9000,1801.563,50000
874,log,sweeping slave axis platen at 0.0 angle at 0.0 RPM,false
875,slave_sweep,1,start,0,0.0,500000
876,log,opening shutter 1,true
877,shutter,1,open
878,log,sweeping rotary stage back and forth 11.0 times at 1.03888888889 RPM,false
879,sweep,2,11.0,18000,623.874594444,50000
880,log,closing shutter 1,true
881,shutter,1,close
882,log,stopping slave sweep for platen,false
883,slave_sweep,1,stop,0,0.0,500000
884,log,rezeroing rotary stage by moving -90.0 degrees,false
885,move_angle,2,-9000,1801.563,50000
886,log,rezero slave axis platen,false
887,slave_rezero,1,20693.76,500000
888,check_pause
889,log,moving platen -180.0 degrees,false
890,move_angle,1,-206250,20693.76,500000
891,check_pause
892,log,starting bilayer 2,false
893,set,current_N,17
894,set,current_bilayer,2
895,set,current_sweep_iterations,18.0
896,log,ofsetting platen back -0.0 degrees,false
897,move_angle,1,0,20693.76,500000
898,log,ofsetting rotary stage back -90.0 degrees,false
899,move_angle,2,-9000,1801.563,50000
900,log,sweeping slave axis platen at 0.0 angle at 0.0 RPM,false
901,slave_sweep,1,start,0,0.0,500000
902,log,opening shutter 2,true
903,shutter,2,open
904,log,sweeping rotary stage back and forth 18.0 times at 0.975 RPM,false
905,sweep,2,18.0,18000,585.507975,50000
906,log,closing shutter 2,true
907,shutter,2,close
908,log,stopping slave sweep for platen,false
909,slave_sweep,1,stop,0,0.0,500000
910,log,rezeroing rotary stage by moving 90.0 degrees,false
911,move_angle,2,9000,1801.563,50000
912,log,rezero slave axis platen,false
913,slave_rezero,1,20693.76,500000
914,check_pause
915,log,moving platen 180.0 degrees,false
916,move_angle,1,206250,20693.76,500000
917,check_pause
918,log,,false
919,log,starting layer 18,false
920,log,starting bilayer 1,false
921,set,current_N,18
922,set,current_bilayer,1
923,set,current_sweep_iterations,11.0
924,log,ofsetting platen back -0.0 degrees,false
925,move_angle,1,0,20693.76,500000
926,log,ofsetting rotary stage back -90.0 degrees,false
927,move_angle,2,-9000,1801.563,50000
928,log,sweeping slave axis platen at 0.0 angle at 0.0 RPM,false
929,slave_sweep,1,start,0,0.0,500000
930,log,opening shutter 1,true
931,shutter,1,open
932,log,sweeping rotary stage back and forth 11.0 times at 1.03888888889 RPM,false
933,sweep,2,11.0,18000,623.874594444,50000
934,log,closing shutter 1,true
935,shutter,1,close
936,log,stopping slave sweep for platen,false
937,slave_sweep,1,stop,0,0.0,500000
938,log,rezeroing rotary stage by moving -90.0 degrees,false
939,move_angle,2,-9000,1801.563,50000
940,log,rezero slave axis platen,false
941,slave_rezero,1,20693.76,500000
942,check_pause
943,log,moving platen -180.0 degrees,false
944,move_angle,1,-206250,20693.76,500000
945,check_pause
946,log,starting bilayer 2,false
947,set,current_N,18
948,set,current_bilayer,2
949,set,current_sweep_iterations,18.0
950,log,ofsetting platen back -0.0 degrees,false
951,move_angle,1,0,20693.76,500000
952,log,ofsetting rotary stage back -90.0 degrees,false
953,move_angle,2,-9000,1801.563,50000
954,log,sweeping slave axis platen at 0.0 angle at 0.0 RPM,false
955,slave_sweep,1,start,0,0.0,500000
956,log,opening shutter 2,true
957,shutter,2,open
958,log,sweeping rotary stage back and forth 18.0 times at 0.975 RPM,false
959,sweep,2,18.0,18000,585.507975,50000
960,log,closing shutter 2,true
961,shutter,2,close
962,log,stopping slave sweep for platen,false
963,slave_sweep,1,stop,0,0.0,500000
964,log,rezeroing rotary stage by moving 90.0 degrees,false
965,move_angle,2,9000,1801.563,50000
966,log,rezero slave axis platen,false
967,slave_rezero,1,20693.76,500000
968,check_pause
969,log,moving platen 180.0 degrees,false
970,move_angle,1,206250,20693.76,500000
971,check_pause
972,log,,false
973,log,starting layer 19,false
974,log,starting bilayer 1,false
975,set,current_N,19
976,set,current_bilayer,1
977,set,current_sweep_iterations,11.0
978,log,ofsetting platen back -0.0 degrees,false
979,move_angle,1,0,20693.76,500000
980,log,ofsetting rotary stage back -90.0 degrees,false
981,move_angle,2,-9000,1801.563,50000
982,log,sweeping slave axis platen at 0.0 angle at 0.0 RPM,false
983,slave_sweep,1,start,0,0.0,500000
984,log,opening shutter 1,true
985,shutter,1,open
986,log,sweeping rotary stage back and forth 11.0 times at 1.03888888889 RPM,false
987,sweep,2,11.0,18000,623.874594444,50000
988,log,closing shutter 1,true
989,shutter,1,close
990,log,stopping slave sweep for platen,false
991,slave_sweep,1,stop,0,0.0,500000
992,log,rezeroing rotary stage by moving -90.0 degrees,false
993,move_angle,2,-9000,1801.563,50000
994,log,rezero slave axis platen,false
995,slave_rezero,1,20693.76,500000
996,check_pause
997,log,moving platen -180.0 degrees,false
998,move_angle,1,-206250,20693.76,500000
999,check_pause
1000,log,starting bilayer 2,false
1001,set,current_N,19
1002,set,current_bilayer,2
1003,set,current_sweep_iterations,18.0
1004,log,ofsetting platen back -0.0 degrees,false
1005,move_angle,1,0,20693.76,500000
1006,log,ofsetting rotary stage back -90.0 degrees,false
1007,move_angle,2,-9000,1801.563,50000
1008,log,sweeping slave axis platen at 0.0 angle at 0.0 RPM,false
1009,slave_sweep,1,start,0,0.0,500000
1010,log,opening shutter 2,true
1011,shutter,2,open
1012,log,sweeping rotary stage back and forth 18.0 times at 0.975 RPM,false
1013,sweep,2,18.0,18000,585.507975,50000
1014,log,closing shutter 2,true
1015,shutter,2,close
1016,log,stopping slave sweep for platen,false
1017,slave_sweep,1,stop,0,0.0,500000
1018,log,rezeroing rotary stage by moving 90.0 degrees,false
1019,move_angle,2,9000,1801.563,50000
1020,log,rezero slave axis platen,false
1021,slave_rezero,1,20693.76,500000
1022,check_pause
1023,log,moving platen 180.0 degrees,false
1024,move_angle,1,206250,20693.76,500000
1025,check_pause
1026,log,,false
1027,log,starting layer 20,false
1028,log,starting bilayer 1,false
1029,set,current_N,20
1030,set,current_bilayer,1
1031,set,current_sweep_iterations,11.0
1032,log,ofsetting platen back -0.0 degrees,false
1033,move_angle,1,0,20693.76,500000
1034,log,ofsetting rotary stage back -90.0 degrees,false
1035,move_angle,2,-9000,1801.563,50000
1036,log,sweeping slave axis platen at 0.0 angle at 0.0 RPM,false
1037,slave_sweep,1,start,0,0.0,500000
1038,log,opening shutter 1,true
1039,shutter,1,open
1040,log,sweeping rotary stage back and forth 11.0 times at 1.03888888889 RPM,false
1041,sweep,2,11.0,18000,623.874594444,50000
1042,log,closing shutter 1,true
1043,shutter,1,close
1044,log,stopping slave sweep for platen,false
1045,slave_sweep,1,stop,0,0.0,500000
1046,log,rezeroing rotary stage by moving -90.0 degrees,false
1047,move_angle,2,-9000,1801.563,50000
1048,log,rezero slave axis platen,false
1049,slave_rezero,1,20693.76,500000
1050,check_pause
1051,log,moving platen -180.0 degrees,false
1052,move_angle,1,-206250,20693.76,500000
1053,check_pause
1054,log,starting bilayer 2,false
1055,set,current_N,20
1056,set,current_bilayer,2
1057,set,current_sweep_iterations,18.0
1058,log,ofsetting platen back -0.0 degrees,false
1059,move_angle,1,0,20693.76,500000
1060,log,ofsetting rotary stage back -90.0 degrees,false
1061,move_angle,2,-9000,1801.563,50000
1062,log,sweeping slave axis platen at 0.0 angle at 0.0 RPM,false
1063,slave_sweep,1,start,0,0.0,500000
1064,log,opening shutter 2,true
1065,shutter,2,open
1066,log,sweeping rotary stage back and forth 18.0 times at 0.975 RPM,false
1067,sweep,2,18.0,18000,585.507975,50000
1068,log,closing shutter 2,true
1069,shutter,2,close
1070,log,stopping slave sweep for platen,false
1071,slave_sweep,1,stop,0,0.0,500000
1072,log,rezeroing rotary stage by moving 90.0 degrees,false
1073,move_angle,2,9000,1801.563,50000
1074,log,rezero slave axis platen,false
1075,slave_rezero,1,20693.76,500000
1076,check_pause
1077,log,moving platen 180.0 degrees,false
1078,move_angle,1,206250,20693.76,500000
1079,check_pause
