-1,log,begin header for RandD1_TiNiC_18may2013_MSFCcone3_N15,true
-1,set,current_bilayer,0
-1,set,current_N,0
-1,set,current_sweep_iterations,0
-1,set,mandrel_axis,4
-1,set,platen_axis,3
-1,set,axis 3 name,platen
-1,set,run_name,RandD1_TiNiC_18may2013_MSFCcone3_N15
-1,set,axis 3 accel_decel,500000
-1,set,cathode 2 deposition_rate,6.0
-1,set,N,14
-1,set,chamber_name,R&D1
-1,set,axis 4 steps_in_rev,25000
-1,set,axis 4 accel_decel,500000
-1,set,cathode 1 name,cathode 1
-1,set,cathode 2 name,cathode 2
-1,set,axis 3 steps_in_rev,250000
-1,set,axis 4 conversion_factor,417.448
-1,set,axis 3 conversion_factor,4171.87
-1,set,cathode 1 deposition_rate,6.4
-1,set,axis 4 name,mandrel
-1,log,N = 14,false
-1,log,axis 3 accel_decel = 500000,false
-1,log,axis 3 conversion_factor = 4171.87,false
-1,log,axis 3 name = platen,false
-1,log,axis 3 steps_in_rev = 250000,false
-1,log,axis 4 accel_decel = 500000,false
-1,log,axis 4 conversion_factor = 417.448,false
-1,log,axis 4 name = mandrel,false
-1,log,axis 4 steps_in_rev = 25000,false
-1,log,cathode 1 deposition_rate = 6.4,false
-1,log,cathode 1 name = cathode 1,false
-1,log,cathode 2 deposition_rate = 6.0,false
-1,log,cathode 2 name = cathode 2,false
-1,log,chamber_name = R&D1,false
-1,log,current_N = 0,false
-1,log,current_bilayer = 0,false
-1,log,current_sweep_iterations = 0,false
-1,log,mandrel_axis = 4,false
-1,log,platen_axis = 3,false
-1,log,run_name = RandD1_TiNiC_18may2013_MSFCcone3_N15,false
0,log,,false
1,log,starting layer 1,false
2,log,starting bilayer 1,false
3,set,current_N,1
4,set,current_bilayer,1
5,set,current_sweep_iterations,17.0
6,log,ofsetting platen back -4.0 degrees,false
7,move_angle,3,-2777,12515.61,500000
8,log,ofsetting mandrel back -4.0 degrees,false
9,move_angle,4,-277,1252.344,500000
10,log,sweeping slave axis platen at 8.0 angle at 2.0 RPM,false
11,slave_sweep,3,start,5555,8343.74,500000
12,log,opening shutter 2,true
13,shutter,2,open
14,log,rotating mandrel 17.0 times at 1.02 RPM,false
15,set,current_sweep,1
16,move_angle,4,25000,425.79696,500000
17,set,current_sweep,2
18,move_angle,4,25000,425.79696,500000
19,set,current_sweep,3
20,move_angle,4,25000,425.79696,500000
21,set,current_sweep,4
22,move_angle,4,25000,425.79696,500000
23,set,current_sweep,5
24,move_angle,4,25000,425.79696,500000
25,set,current_sweep,6
26,move_angle,4,25000,425.79696,500000
27,set,current_sweep,7
28,move_angle,4,25000,425.79696,500000
29,set,current_sweep,8
30,move_angle,4,25000,425.79696,500000
31,set,current_sweep,9
32,move_angle,4,25000,425.79696,500000
33,set,current_sweep,10
34,move_angle,4,25000,425.79696,500000
35,set,current_sweep,11
36,move_angle,4,25000,425.79696,500000
37,set,current_sweep,12
38,move_angle,4,25000,425.79696,500000
39,set,current_sweep,13
40,move_angle,4,25000,425.79696,500000
41,set,current_sweep,14
42,move_angle,4,25000,425.79696,500000
43,set,current_sweep,15
44,move_angle,4,25000,425.79696,500000
45,set,current_sweep,16
46,move_angle,4,25000,425.79696,500000
47,set,current_sweep,17
48,move_angle,4,25000,425.79696,500000
49,log,closing shutter 2,true
50,shutter,2,close
51,log,stopping slave sweep for platen,false
52,slave_sweep,3,stop,5555,8343.74,500000
53,log,rezeroing mandrel by moving 4.0 degrees,false
54,move_angle,4,277,1252.344,500000
55,log,rezero slave axis platen,false
56,slave_rezero,3,12515.61,500000
57,check_pause
58,log,moving platen 180.0 degrees,false
59,move_angle,3,125000,12515.61,500000
60,check_pause
61,log,starting bilayer 2,false
62,set,current_N,1
63,set,current_bilayer,2
64,set,current_sweep_iterations,24.0
65,log,ofsetting platen back -4.0 degrees,false
66,move_angle,3,-2777,12515.61,500000
67,log,ofsetting mandrel back -4.0 degrees,false
68,move_angle,4,-277,1252.344,500000
69,log,sweeping slave axis platen at 8.0 angle at 2.0 RPM,false
70,slave_sweep,3,start,5555,8343.74,500000
71,log,opening shutter 1,true
72,shutter,1,open
73,log,rotating mandrel 24.0 times at 1.00392156863 RPM,false
74,set,current_sweep,1
75,move_angle,4,25000,419.08505098,500000
76,set,current_sweep,2
77,move_angle,4,25000,419.08505098,500000
78,set,current_sweep,3
79,move_angle,4,25000,419.08505098,500000
80,set,current_sweep,4
81,move_angle,4,25000,419.08505098,500000
82,set,current_sweep,5
83,move_angle,4,25000,419.08505098,500000
84,set,current_sweep,6
85,move_angle,4,25000,419.08505098,500000
86,set,current_sweep,7
87,move_angle,4,25000,419.08505098,500000
88,set,current_sweep,8
89,move_angle,4,25000,419.08505098,500000
90,set,current_sweep,9
91,move_angle,4,25000,419.08505098,500000
92,set,current_sweep,10
93,move_angle,4,25000,419.08505098,500000
94,set,current_sweep,11
95,move_angle,4,25000,419.08505098,500000
96,set,current_sweep,12
97,move_angle,4,25000,419.08505098,500000
98,set,current_sweep,13
99,move_angle,4,25000,419.08505098,500000
100,set,current_sweep,14
101,move_angle,4,25000,419.08505098,500000
102,set,current_sweep,15
103,move_angle,4,25000,419.08505098,500000
104,set,current_sweep,16
105,move_angle,4,25000,419.08505098,500000
106,set,current_sweep,17
107,move_angle,4,25000,419.08505098,500000
108,set,current_sweep,18
109,move_angle,4,25000,419.08505098,500000
110,set,current_sweep,19
111,move_angle,4,25000,419.08505098,500000
112,set,current_sweep,20
113,move_angle,4,25000,419.08505098,500000
114,set,current_sweep,21
115,move_angle,4,25000,419.08505098,500000
116,set,current_sweep,22
117,move_angle,4,25000,419.08505098,500000
118,set,current_sweep,23
119,move_angle,4,25000,419.08505098,500000
120,set,current_sweep,24
121,move_angle,4,25000,419.08505098,500000
122,log,closing shutter 1,true
123,shutter,1,close
124,log,stopping slave sweep for platen,false
125,slave_sweep,3,stop,5555,8343.74,500000
126,log,rezeroing mandrel by moving 4.0 degrees,false
127,move_angle,4,277,1252.344,500000
128,log,rezero slave axis platen,false
129,slave_rezero,3,12515.61,500000
130,check_pause
131,log,moving platen -180.0 degrees,false
132,move_angle,3,-125000,12515.61,500000
133,check_pause
134,log,,false
135,log,starting layer 2,false
136,log,starting bilayer 1,false
137,set,current_N,2
138,set,current_bilayer,1
139,set,current_sweep_iterations,15.0
140,log,ofsetting platen back -4.0 degrees,false
141,move_angle,3,-2777,12515.61,500000
142,log,ofsetting mandrel back -4.0 degrees,false
143,move_angle,4,-277,1252.344,500000
144,log,sweeping slave axis platen at 8.0 angle at 2.0 RPM,false
145,slave_sweep,3,start,5555,8343.74,500000
146,log,opening shutter 2,true
147,shutter,2,open
148,log,rotating mandrel 15.0 times at 1.0 RPM,false
149,set,current_sweep,1
150,move_angle,4,25000,417.448,500000
151,set,current_sweep,2
152,move_angle,4,25000,417.448,500000
153,set,current_sweep,3
154,move_angle,4,25000,417.448,500000
155,set,current_sweep,4
156,move_angle,4,25000,417.448,500000
157,set,current_sweep,5
158,move_angle,4,25000,417.448,500000
159,set,current_sweep,6
160,move_angle,4,25000,417.448,500000
161,set,current_sweep,7
162,move_angle,4,25000,417.448,500000
163,set,current_sweep,8
164,move_angle,4,25000,417.448,500000
165,set,current_sweep,9
166,move_angle,4,25000,417.448,500000
167,set,current_sweep,10
168,move_angle,4,25000,417.448,500000
169,set,current_sweep,11
170,move_angle,4,25000,417.448,500000
171,set,current_sweep,12
172,move_angle,4,25000,417.448,500000
173,set,current_sweep,13
174,move_angle,4,25000,417.448,500000
175,set,current_sweep,14
176,move_angle,4,25000,417.448,500000
177,set,current_sweep,15
178,move_angle,4,25000,417.448,500000
179,log,closing shutter 2,true
180,shutter,2,close
181,log,stopping slave sweep for platen,false
182,slave_sweep,3,stop,5555,8343.74,500000
183,log,rezeroing mandrel by moving 4.0 degrees,false
184,move_angle,4,277,1252.344,500000
185,log,rezero slave axis platen,false
186,slave_rezero,3,12515.61,500000
187,check_pause
188,log,moving platen 180.0 degrees,false
189,move_angle,3,125000,12515.61,500000
190,check_pause
191,log,starting bilayer 2,false
192,set,current_N,2
193,set,current_bilayer,2
194,set,current_sweep_iterations,19.0
195,log,ofsetting platen back -4.0 degrees,false
196,move_angle,3,-2777,12515.61,500000
197,log,ofsetting mandrel back -4.0 degrees,false
198,move_angle,4,-277,1252.344,500000
199,log,sweeping slave axis platen at 8.0 angle at 2.0 RPM,false
200,slave_sweep,3,start,5555,8343.74,500000
201,log,opening shutter 1,true
202,shutter,1,open
203,log,rotating mandrel 19.0 times at 0.98064516129 RPM,false
204,set,current_sweep,1
205,move_angle,4,25000,409.36836129,500000
206,set,current_sweep,2
207,move_angle,4,25000,409.36836129,500000
208,set,current_sweep,3
209,move_angle,4,25000,409.36836129,500000
210,set,current_sweep,4
211,move_angle,4,25000,409.36836129,500000
212,set,current_sweep,5
213,move_angle,4,25000,409.36836129,500000
214,set,current_sweep,6
215,move_angle,4,25000,409.36836129,500000
216,set,current_sweep,7
217,move_angle,4,25000,409.36836129,500000
218,set,current_sweep,8
219,move_angle,4,25000,409.36836129,500000
220,set,current_sweep,9
221,move_angle,4,25000,409.36836129,500000
222,set,current_sweep,10
223,move_angle,4,25000,409.36836129,500000
224,set,current_sweep,11
225,move_angle,4,25000,409.36836129,500000
226,set,current_sweep,12
227,move_angle,4,25000,409.36836129,500000
228,set,current_sweep,13
229,move_angle,4,25000,409.36836129,500000
230,set,current_sweep,14
231,move_angle,4,25000,409.36836129,500000
232,set,current_sweep,15
233,move_angle,4,25000,409.36836129,500000
234,set,current_sweep,16
235,move_angle,4,25000,409.36836129,500000
236,set,current_sweep,17
237,move_angle,4,25000,409.36836129,500000
238,set,current_sweep,18
239,move_angle,4,25000,409.36836129,500000
240,set,current_sweep,19
241,move_angle,4,25000,409.36836129,500000
242,log,closing shutter 1,true
243,shutter,1,close
244,log,stopping slave sweep for platen,false
245,slave_sweep,3,stop,5555,8343.74,500000
246,log,rezeroing mandrel by moving 4.0 degrees,false
247,move_angle,4,277,1252.344,500000
248,log,rezero slave axis platen,false
249,slave_rezero,3,12515.61,500000
250,check_pause
251,log,moving platen -180.0 degrees,false
252,move_angle,3,-125000,12515.61,500000
253,check_pause
254,log,,false
255,log,starting layer 3,false
256,log,starting bilayer 1,false
257,set,current_N,3
258,set,current_bilayer,1
259,set,current_sweep_iterations,15.0
260,log,ofsetting platen back -4.0 degrees,false
261,move_angle,3,-2777,12515.61,500000
262,log,ofsetting mandrel back -4.0 degrees,false
263,move_angle,4,-277,1252.344,500000
264,log,sweeping slave axis platen at 8.0 angle at 2.0 RPM,false
265,slave_sweep,3,start,5555,8343.74,500000
266,log,opening shutter 2,true
267,shutter,2,open
268,log,rotating mandrel 15.0 times at 1.02272727273 RPM,false
269,set,current_sweep,1
270,move_angle,4,25000,426.935454545,500000
271,set,current_sweep,2
272,move_angle,4,25000,426.935454545,500000
273,set,current_sweep,3
274,move_angle,4,25000,426.935454545,500000
275,set,current_sweep,4
276,move_angle,4,25000,426.935454545,500000
277,set,current_sweep,5
278,move_angle,4,25000,426.935454545,500000
279,set,current_sweep,6
280,move_angle,4,25000,426.935454545,500000
281,set,current_sweep,7
282,move_angle,4,25000,426.935454545,500000
283,set,current_sweep,8
284,move_angle,4,25000,426.935454545,500000
285,set,current_sweep,9
286,move_angle,4,25000,426.935454545,500000
287,set,current_sweep,10
288,move_angle,4,25000,426.935454545,500000
289,set,current_sweep,11
290,move_angle,4,25000,426.935454545,500000
291,set,current_sweep,12
292,move_angle,4,25000,426.935454545,500000
293,set,current_sweep,13
294,move_angle,4,25000,426.935454545,500000
295,set,current_sweep,14
296,move_angle,4,25000,426.935454545,500000
297,set,current_sweep,15
298,move_angle,4,25000,426.935454545,500000
299,log,closing shutter 2,true
300,shutter,2,close
301,log,stopping slave sweep for platen,false
302,slave_sweep,3,stop,5555,8343.74,500000
303,log,rezeroing mandrel by moving 4.0 degrees,false
304,move_angle,4,277,1252.344,500000
305,log,rezero slave axis platen,false
306,slave_rezero,3,12515.61,500000
307,check_pause
308,log,moving platen 180.0 degrees,false
309,move_angle,3,125000,12515.61,500000
310,check_pause
311,log,starting bilayer 2,false
312,set,current_N,3
313,set,current_bilayer,2
314,set,current_sweep_iterations,19.0
315,log,ofsetting platen back -4.0 degrees,false
316,move_angle,3,-2777,12515.61,500000
317,log,ofsetting mandrel back -4.0 degrees,false
318,move_angle,4,-277,1252.344,500000
319,log,sweeping slave axis platen at 8.0 angle at 2.0 RPM,false
320,slave_sweep,3,start,5555,8343.74,500000
321,log,opening shutter 1,true
322,shutter,1,open
323,log,rotating mandrel 19.0 times at 1.01333333333 RPM,false
324,set,current_sweep,1
325,move_angle,4,25000,423.013973333,500000
326,set,current_sweep,2
327,move_angle,4,25000,423.013973333,500000
328,set,current_sweep,3
329,move_angle,4,25000,423.013973333,500000
330,set,current_sweep,4
331,move_angle,4,25000,423.013973333,500000
332,set,current_sweep,5
333,move_angle,4,25000,423.013973333,500000
334,set,current_sweep,6
335,move_angle,4,25000,423.013973333,500000
336,set,current_sweep,7
337,move_angle,4,25000,423.013973333,500000
338,set,current_sweep,8
339,move_angle,4,25000,423.013973333,500000
340,set,current_sweep,9
341,move_angle,4,25000,423.013973333,500000
342,set,current_sweep,10
343,move_angle,4,25000,423.013973333,500000
344,set,current_sweep,11
345,move_angle,4,25000,423.013973333,500000
346,set,current_sweep,12
347,move_angle,4,25000,423.013973333,500000
348,set,current_sweep,13
349,move_angle,4,25000,423.013973333,500000
350,set,current_sweep,14
351,move_angle,4,25000,423.013973333,500000
352,set,current_sweep,15
353,move_angle,4,25000,423.013973333,500000
354,set,current_sweep,16
355,move_angle,4,25000,423.013973333,500000
356,set,current_sweep,17
357,move_angle,4,25000,423.013973333,500000
358,set,current_sweep,18
359,move_angle,4,25000,423.013973333,500000
360,set,current_sweep,19
361,move_angle,4,25000,423.013973333,500000
362,log,closing shutter 1,true
363,shutter,1,close
364,log,stopping slave sweep for platen,false
365,slave_sweep,3,stop,5555,8343.74,500000
366,log,rezeroing mandrel by moving 4.0 degrees,false
367,move_angle,4,277,1252.344,500000
368,log,rezero slave axis platen,false
369,slave_rezero,3,12515.61,500000
370,check_pause
371,log,moving platen -180.0 degrees,false
372,move_angle,3,-125000,12515.61,500000
373,check_pause
374,log,,false
375,log,starting layer 4,false
376,log,starting bilayer 1,false
377,set,current_N,4
378,set,current_bilayer,1
379,set,current_sweep_iterations,15.0
380,log,ofsetting platen back -4.0 degrees,false
381,move_angle,3,-2777,12515.61,500000
382,log,ofsetting mandrel back -4.0 degrees,false
383,move_angle,4,-277,1252.344,500000
384,log,sweeping slave axis platen at 8.0 angle at 2.0 RPM,false
385,slave_sweep,3,start,5555,8343.74,500000
386,log,opening shutter 2,true
387,shutter,2,open
388,log,rotating mandrel 15.0 times at 1.03448275862 RPM,false
389,set,current_sweep,1
390,move_angle,4,25000,431.842758621,500000
391,set,current_sweep,2
392,move_angle,4,25000,431.842758621,500000
393,set,current_sweep,3
394,move_angle,4,25000,431.842758621,500000
395,set,current_sweep,4
396,move_angle,4,25000,431.842758621,500000
397,set,current_sweep,5
398,move_angle,4,25000,431.842758621,500000
399,set,current_sweep,6
400,move_angle,4,25000,431.842758621,500000
401,set,current_sweep,7
402,move_angle,4,25000,431.842758621,500000
403,set,current_sweep,8
404,move_angle,4,25000,431.842758621,500000
405,set,current_sweep,9
406,move_angle,4,25000,431.842758621,500000
407,set,current_sweep,10
408,move_angle,4,25000,431.842758621,500000
409,set,current_sweep,11
410,move_angle,4,25000,431.842758621,500000
411,set,current_sweep,12
412,move_angle,4,25000,431.842758621,500000
413,set,current_sweep,13
414,move_angle,4,25000,431.842758621,500000
415,set,current_sweep,14
416,move_angle,4,25000,431.842758621,500000
417,set,current_sweep,15
418,move_angle,4,25000,431.842758621,500000
419,log,closing shutter 2,true
420,shutter,2,close
421,log,stopping slave sweep for platen,false
422,slave_sweep,3,stop,5555,8343.74,500000
423,log,rezeroing mandrel by moving 4.0 degrees,false
424,move_angle,4,277,1252.344,500000
425,log,rezero slave axis platen,false
426,slave_rezero,3,12515.61,500000
427,check_pause
428,log,moving platen 180.0 degrees,false
429,move_angle,3,125000,12515.61,500000
430,check_pause
431,log,starting bilayer 2,false
432,set,current_N,4
433,set,current_bilayer,2
434,set,current_sweep_iterations,18.0
435,log,ofsetting platen back -4.0 degrees,false
436,move_angle,3,-2777,12515.61,500000
437,log,ofsetting mandrel back -4.0 degrees,false
438,move_angle,4,-277,1252.344,500000
439,log,sweeping slave axis platen at 8.0 angle at 2.0 RPM,false
440,slave_sweep,3,start,5555,8343.74,500000
441,log,opening shutter 1,true
442,shutter,1,open
443,log,rotating mandrel 18.0 times at 0.993103448276 RPM,false
444,set,current_sweep,1
445,move_angle,4,25000,414.569048276,500000
446,set,current_sweep,2
447,move_angle,4,25000,414.569048276,500000
448,set,current_sweep,3
449,move_angle,4,25000,414.569048276,500000
450,set,current_sweep,4
451,move_angle,4,25000,414.569048276,500000
452,set,current_sweep,5
453,move_angle,4,25000,414.569048276,500000
454,set,current_sweep,6
455,move_angle,4,25000,414.569048276,500000
456,set,current_sweep,7
457,move_angle,4,25000,414.569048276,500000
458,set,current_sweep,8
459,move_angle,4,25000,414.569048276,500000
460,set,current_sweep,9
461,move_angle,4,25000,414.569048276,500000
462,set,current_sweep,10
463,move_angle,4,25000,414.569048276,500000
464,set,current_sweep,11
465,move_angle,4,25000,414.569048276,500000
466,set,current_sweep,12
467,move_angle,4,25000,414.569048276,500000
468,set,current_sweep,13
469,move_angle,4,25000,414.569048276,500000
470,set,current_sweep,14
471,move_angle,4,25000,414.569048276,500000
472,set,current_sweep,15
473,move_angle,4,25000,414.569048276,500000
474,set,current_sweep,16
475,move_angle,4,25000,414.569048276,500000
476,set,current_sweep,17
477,move_angle,4,25000,414.569048276,500000
478,set,current_sweep,18
479,move_angle,4,25000,414.569048276,500000
480,log,closing shutter 1,true
481,shutter,1,close
482,log,stopping slave sweep for platen,false
483,slave_sweep,3,stop,5555,8343.74,500000
484,log,rezeroing mandrel by moving 4.0 degrees,false
485,move_angle,4,277,1252.344,500000
486,log,rezero slave axis platen,false
487,slave_rezero,3,12515.61,500000
488,check_pause
489,log,moving platen -180.0 degrees,false
490,move_angle,3,-125000,12515.61,500000
491,check_pause
492,log,,false
493,log,starting layer 5,false
494,log,starting bilayer 1,false
495,set,current_N,5
496,set,current_bilayer,1
497,set,current_sweep_iterations,14.0
498,log,ofsetting platen back -4.0 degrees,false
499,move_angle,3,-2777,12515.61,500000
500,log,ofsetting mandrel back -4.0 degrees,false
501,move_angle,4,-277,1252.344,500000
502,log,sweeping slave axis platen at 8.0 angle at 2.0 RPM,false
503,slave_sweep,3,start,5555,8343.74,500000
504,log,opening shutter 2,true
505,shutter,2,open
506,log,rotating mandrel 14.0 times at 0.988235294118 RPM,false
507,set,current_sweep,1
508,move_angle,4,25000,412.536847059,500000
509,set,current_sweep,2
510,move_angle,4,25000,412.536847059,500000
511,set,current_sweep,3
512,move_angle,4,25000,412.536847059,500000
513,set,current_sweep,4
514,move_angle,4,25000,412.536847059,500000
515,set,current_sweep,5
516,move_angle,4,25000,412.536847059,500000
517,set,current_sweep,6
518,move_angle,4,25000,412.536847059,500000
519,set,current_sweep,7
520,move_angle,4,25000,412.536847059,500000
521,set,current_sweep,8
522,move_angle,4,25000,412.536847059,500000
523,set,current_sweep,9
524,move_angle,4,25000,412.536847059,500000
525,set,current_sweep,10
526,move_angle,4,25000,412.536847059,500000
527,set,current_sweep,11
528,move_angle,4,25000,412.536847059,500000
529,set,current_sweep,12
530,move_angle,4,25000,412.536847059,500000
531,set,current_sweep,13
532,move_angle,4,25000,412.536847059,500000
533,set,current_sweep,14
534,move_angle,4,25000,412.536847059,500000
535,log,closing shutter 2,true
536,shutter,2,close
537,log,stopping slave sweep for platen,false
538,slave_sweep,3,stop,5555,8343.74,500000
539,log,rezeroing mandrel by moving 4.0 degrees,false
540,move_angle,4,277,1252.344,500000
541,log,rezero slave axis platen,false
542,slave_rezero,3,12515.61,500000
543,check_pause
544,log,moving platen 180.0 degrees,false
545,move_angle,3,125000,12515.61,500000
546,check_pause
547,log,starting bilayer 2,false
548,set,current_N,5
549,set,current_bilayer,2
550,set,current_sweep_iterations,18.0
551,log,ofsetting platen back -4.0 degrees,false
552,move_angle,3,-2777,12515.61,500000
553,log,ofsetting mandrel back -4.0 degrees,false
554,move_angle,4,-277,1252.344,500000
555,log,sweeping slave axis platen at 8.0 angle at 2.0 RPM,false
556,slave_sweep,3,start,5555,8343.74,500000
557,log,opening shutter 1,true
558,shutter,1,open
559,log,rotating mandrel 18.0 times at 1.02857142857 RPM,false
560,set,current_sweep,1
561,move_angle,4,25000,429.375085714,500000
562,set,current_sweep,2
563,move_angle,4,25000,429.375085714,500000
564,set,current_sweep,3
565,move_angle,4,25000,429.375085714,500000
566,set,current_sweep,4
567,move_angle,4,25000,429.375085714,500000
568,set,current_sweep,5
569,move_angle,4,25000,429.375085714,500000
570,set,current_sweep,6
571,move_angle,4,25000,429.375085714,500000
572,set,current_sweep,7
573,move_angle,4,25000,429.375085714,500000
574,set,current_sweep,8
575,move_angle,4,25000,429.375085714,500000
576,set,current_sweep,9
577,move_angle,4,25000,429.375085714,500000
578,set,current_sweep,10
579,move_angle,4,25000,429.375085714,500000
580,set,current_sweep,11
581,move_angle,4,25000,429.375085714,500000
582,set,current_sweep,12
583,move_angle,4,25000,429.375085714,500000
584,set,current_sweep,13
585,move_angle,4,25000,429.375085714,500000
586,set,current_sweep,14
587,move_angle,4,25000,429.375085714,500000
588,set,current_sweep,15
589,move_angle,4,25000,429.375085714,500000
590,set,current_sweep,16
591,move_angle,4,25000,429.375085714,500000
592,set,current_sweep,17
593,move_angle,4,25000,429.375085714,500000
594,set,current_sweep,18
595,move_angle,4,25000,429.375085714,500000
596,log,closing shutter 1,true
597,shutter,1,close
598,log,stopping slave sweep for platen,false
599,slave_sweep,3,stop,5555,8343.74,500000
600,log,rezeroing mandrel by moving 4.0 degrees,false
601,move_angle,4,277,1252.344,500000
602,log,rezero slave axis platen,false
603,slave_rezero,3,12515.61,500000
604,check_pause
605,log,moving platen -180.0 degrees,false
606,move_angle,3,-125000,12515.61,500000
607,check_pause
608,log,,false
609,log,starting layer 6,false
610,log,starting bilayer 1,false
611,set,current_N,6
612,set,current_bilayer,1
613,set,current_sweep_iterations,14.0
614,log,ofsetting platen back -4.0 degrees,false
615,move_angle,3,-2777,12515.61,500000
616,log,ofsetting mandrel back -4.0 degrees,false
617,move_angle,4,-277,1252.344,500000
618,log,sweeping slave axis platen at 8.0 angle at 2.0 RPM,false
619,slave_sweep,3,start,5555,8343.74,500000
620,log,opening shutter 2,true
621,shutter,2,open
622,log,rotating mandrel 14.0 times at 1.0 RPM,false
623,set,current_sweep,1
624,move_angle,4,25000,417.448,500000
625,set,current_sweep,2
626,move_angle,4,25000,417.448,500000
627,set,current_sweep,3
628,move_angle,4,25000,417.448,500000
629,set,current_sweep,4
630,move_angle,4,25000,417.448,500000
631,set,current_sweep,5
632,move_angle,4,25000,417.448,500000
633,set,current_sweep,6
634,move_angle,4,25000,417.448,500000
635,set,current_sweep,7
636,move_angle,4,25000,417.448,500000
637,set,current_sweep,8
638,move_angle,4,25000,417.448,500000
639,set,current_sweep,9
640,move_angle,4,25000,417.448,500000
641,set,current_sweep,10
642,move_angle,4,25000,417.448,500000
643,set,current_sweep,11
644,move_angle,4,25000,417.448,500000
645,set,current_sweep,12
646,move_angle,4,25000,417.448,500000
647,set,current_sweep,13
648,move_angle,4,25000,417.448,500000
649,set,current_sweep,14
650,move_angle,4,25000,417.448,500000
651,log,closing shutter 2,true
652,shutter,2,close
653,log,stopping slave sweep for platen,false
654,slave_sweep,3,stop,5555,8343.74,500000
655,log,rezeroing mandrel by moving 4.0 degrees,false
656,move_angle,4,277,1252.344,500000
657,log,rezero slave axis platen,false
658,slave_rezero,3,12515.61,500000
659,check_pause
660,log,moving platen 180.0 degrees,false
661,move_angle,3,125000,12515.61,500000
662,check_pause
663,log,starting bilayer 2,false
664,set,current_N,6
665,set,current_bilayer,2
666,set,current_sweep_iterations,17.0
667,log,ofsetting platen back -4.0 degrees,false
668,move_angle,3,-2777,12515.61,500000
669,log,ofsetting mandrel back -4.0 degrees,false
670,move_angle,4,-277,1252.344,500000
671,log,sweeping slave axis platen at 8.0 angle at 2.0 RPM,false
672,slave_sweep,3,start,5555,8343.74,500000
673,log,opening shutter 1,true
674,shutter,1,open
675,log,rotating mandrel 17.0 times at 0.998165137615 RPM,false
676,set,current_sweep,1
677,move_angle,4,25000,416.682040367,500000
678,set,current_sweep,2
679,move_angle,4,25000,416.682040367,500000
680,set,current_sweep,3
681,move_angle,4,25000,416.682040367,500000
682,set,current_sweep,4
683,move_angle,4,25000,416.682040367,500000
684,set,current_sweep,5
685,move_angle,4,25000,416.682040367,500000
686,set,current_sweep,6
687,move_angle,4,25000,416.682040367,500000
688,set,current_sweep,7
689,move_angle,4,25000,416.682040367,500000
690,set,current_sweep,8
691,move_angle,4,25000,416.682040367,500000
692,set,current_sweep,9
693,move_angle,4,25000,416.682040367,500000
694,set,current_sweep,10
695,move_angle,4,25000,416.682040367,500000
696,set,current_sweep,11
697,move_angle,4,25000,416.682040367,500000
698,set,current_sweep,12
699,move_angle,4,25000,416.682040367,500000
700,set,current_sweep,13
701,move_angle,4,25000,416.682040367,500000
702,set,current_sweep,14
703,move_angle,4,25000,416.682040367,500000
704,set,current_sweep,15
705,move_angle,4,25000,416.682040367,500000
706,set,current_sweep,16
707,move_angle,4,25000,416.682040367,500000
708,set,current_sweep,17
709,move_angle,4,25000,416.682040367,500000
710,log,closing shutter 1,true
711,shutter,1,close
712,log,stopping slave sweep for platen,false
713,slave_sweep,3,stop,5555,8343.74,500000
714,log,rezeroing mandrel by moving 4.0 degrees,false
715,move_angle,4,277,1252.344,500000
716,log,rezero slave axis platen,false
717,slave_rezero,3,12515.61,500000
718,check_pause
719,log,moving platen -180.0 degrees,false
720,move_angle,3,-125000,12515.61,500000
721,check_pause
722,log,,false
723,log,starting layer 7,false
724,log,starting bilayer 1,false
725,set,current_N,7
726,set,current_bilayer,1
727,set,current_sweep_iterations,14.0
728,log,ofsetting platen back -4.0 degrees,false
729,move_angle,3,-2777,12515.61,500000
730,log,ofsetting mandrel back -4.0 degrees,false
731,move_angle,4,-277,1252.344,500000
732,log,sweeping slave axis platen at 8.0 angle at 2.0 RPM,false
733,slave_sweep,3,start,5555,8343.74,500000
734,log,opening shutter 2,true
735,shutter,2,open
736,log,rotating mandrel 14.0 times at 1.01204819277 RPM,false
737,set,current_sweep,1
738,move_angle,4,25000,422.477493976,500000
739,set,current_sweep,2
740,move_angle,4,25000,422.477493976,500000
741,set,current_sweep,3
742,move_angle,4,25000,422.477493976,500000
743,set,current_sweep,4
744,move_angle,4,25000,422.477493976,500000
745,set,current_sweep,5
746,move_angle,4,25000,422.477493976,500000
747,set,current_sweep,6
748,move_angle,4,25000,422.477493976,500000
749,set,current_sweep,7
750,move_angle,4,25000,422.477493976,500000
751,set,current_sweep,8
752,move_angle,4,25000,422.477493976,500000
753,set,current_sweep,9
754,move_angle,4,25000,422.477493976,500000
755,set,current_sweep,10
756,move_angle,4,25000,422.477493976,500000
757,set,current_sweep,11
758,move_angle,4,25000,422.477493976,500000
759,set,current_sweep,12
760,move_angle,4,25000,422.477493976,500000
761,set,current_sweep,13
762,move_angle,4,25000,422.477493976,500000
763,set,current_sweep,14
764,move_angle,4,25000,422.477493976,500000
765,log,closing shutter 2,true
766,shutter,2,close
767,log,stopping slave sweep for platen,false
768,slave_sweep,3,stop,5555,8343.74,500000
769,log,rezeroing mandrel by moving 4.0 degrees,false
770,move_angle,4,277,1252.344,500000
771,log,rezero slave axis platen,false
772,slave_rezero,3,12515.61,500000
773,check_pause
774,log,moving platen 180.0 degrees,false
775,move_angle,3,125000,12515.61,500000
776,check_pause
777,log,starting bilayer 2,false
778,set,current_N,7
779,set,current_bilayer,2
780,set,current_sweep_iterations,17.0
781,log,ofsetting platen back -4.0 degrees,false
782,move_angle,3,-2777,12515.61,500000
783,log,ofsetting mandrel back -4.0 degrees,false
784,move_angle,4,-277,1252.344,500000
785,log,sweeping slave axis platen at 8.0 angle at 2.0 RPM,false
786,slave_sweep,3,start,5555,8343.74,500000
787,log,opening shutter 1,true
788,shutter,1,open
789,log,rotating mandrel 17.0 times at 1.02641509434 RPM,false
790,set,current_sweep,1
791,move_angle,4,25000,428.474928302,500000
792,set,current_sweep,2
793,move_angle,4,25000,428.474928302,500000
794,set,current_sweep,3
795,move_angle,4,25000,428.474928302,500000
796,set,current_sweep,4
797,move_angle,4,25000,428.474928302,500000
798,set,current_sweep,5
799,move_angle,4,25000,428.474928302,500000
800,set,current_sweep,6
801,move_angle,4,25000,428.474928302,500000
802,set,current_sweep,7
803,move_angle,4,25000,428.474928302,500000
804,set,current_sweep,8
805,move_angle,4,25000,428.474928302,500000
806,set,current_sweep,9
807,move_angle,4,25000,428.474928302,500000
808,set,current_sweep,10
809,move_angle,4,25000,428.474928302,500000
810,set,current_sweep,11
811,move_angle,4,25000,428.474928302,500000
812,set,current_sweep,12
813,move_angle,4,25000,428.474928302,500000
814,set,current_sweep,13
815,move_angle,4,25000,428.474928302,500000
816,set,current_sweep,14
817,move_angle,4,25000,428.474928302,500000
818,set,current_sweep,15
819,move_angle,4,25000,428.474928302,500000
820,set,current_sweep,16
821,move_angle,4,25000,428.474928302,500000
822,set,current_sweep,17
823,move_angle,4,25000,428.474928302,500000
824,log,closing shutter 1,true
825,shutter,1,close
826,log,stopping slave sweep for platen,false
827,slave_sweep,3,stop,5555,8343.74,500000
828,log,rezeroing mandrel by moving 4.0 degrees,false
829,move_angle,4,277,1252.344,500000
830,log,rezero slave axis platen,false
831,slave_rezero,3,12515.61,500000
832,check_pause
833,log,moving platen -180.0 degrees,false
834,move_angle,3,-125000,12515.61,500000
835,check_pause
836,log,,false
837,log,starting layer 8,false
838,log,starting bilayer 1,false
839,set,current_N,8
840,set,current_bilayer,1
841,set,current_sweep_iterations,14.0
842,log,ofsetting platen back -4.0 degrees,false
843,move_angle,3,-2777,12515.61,500000
844,log,ofsetting mandrel back -4.0 degrees,false
845,move_angle,4,-277,1252.344,500000
846,log,sweeping slave axis platen at 8.0 angle at 2.0 RPM,false
847,slave_sweep,3,start,5555,8343.74,500000
848,log,opening shutter 2,true
849,shutter,2,open
850,log,rotating mandrel 14.0 times at 1.0243902439 RPM,false
851,set,current_sweep,1
852,move_angle,4,25000,427.629658537,500000
853,set,current_sweep,2
854,move_angle,4,25000,427.629658537,500000
855,set,current_sweep,3
856,move_angle,4,25000,427.629658537,500000
857,set,current_sweep,4
858,move_angle,4,25000,427.629658537,500000
859,set,current_sweep,5
860,move_angle,4,25000,427.629658537,500000
861,set,current_sweep,6
862,move_angle,4,25000,427.629658537,500000
863,set,current_sweep,7
864,move_angle,4,25000,427.629658537,500000
865,set,current_sweep,8
866,move_angle,4,25000,427.629658537,500000
867,set,current_sweep,9
868,move_angle,4,25000,427.629658537,500000
869,set,current_sweep,10
870,move_angle,4,25000,427.629658537,500000
871,set,current_sweep,11
872,move_angle,4,25000,427.629658537,500000
873,set,current_sweep,12
874,move_angle,4,25000,427.629658537,500000
875,set,current_sweep,13
876,move_angle,4,25000,427.629658537,500000
877,set,current_sweep,14
878,move_angle,4,25000,427.629658537,500000
879,log,closing shutter 2,true
880,shutter,2,close
881,log,stopping slave sweep for platen,false
882,slave_sweep,3,stop,5555,8343.74,500000
883,log,rezeroing mandrel by moving 4.0 degrees,false
884,move_angle,4,277,1252.344,500000
885,log,rezero slave axis platen,false
886,slave_rezero,3,12515.61,500000
887,check_pause
888,log,moving platen 180.0 degrees,false
889,move_angle,3,125000,12515.61,500000
890,check_pause
891,log,starting bilayer 2,false
892,set,current_N,8
893,set,current_bilayer,2
894,set,current_sweep_iterations,16.0
895,log,ofsetting platen back -4.0 degrees,false
896,move_angle,3,-2777,12515.61,500000
897,log,ofsetting mandrel back -4.0 degrees,false
898,move_angle,4,-277,1252.344,500000
899,log,sweeping slave axis platen at 8.0 angle at 2.0 RPM,false
900,slave_sweep,3,start,5555,8343.74,500000
901,log,opening shutter 1,true
902,shutter,1,open
903,log,rotating mandrel 16.0 times at 0.984615384615 RPM,false
904,set,current_sweep,1
905,move_angle,4,25000,411.025723077,500000
906,set,current_sweep,2
907,move_angle,4,25000,411.025723077,500000
908,set,current_sweep,3
909,move_angle,4,25000,411.025723077,500000
910,set,current_sweep,4
911,move_angle,4,25000,411.025723077,500000
912,set,current_sweep,5
913,move_angle,4,25000,411.025723077,500000
914,set,current_sweep,6
915,move_angle,4,25000,411.025723077,500000
916,set,current_sweep,7
917,move_angle,4,25000,411.025723077,500000
918,set,current_sweep,8
919,move_angle,4,25000,411.025723077,500000
920,set,current_sweep,9
921,move_angle,4,25000,411.025723077,500000
922,set,current_sweep,10
923,move_angle,4,25000,411.025723077,500000
924,set,current_sweep,11
925,move_angle,4,25000,411.025723077,500000
926,set,current_sweep,12
927,move_angle,4,25000,411.025723077,500000
928,set,current_sweep,13
929,move_angle,4,25000,411.025723077,500000
930,set,current_sweep,14
931,move_angle,4,25000,411.025723077,500000
932,set,current_sweep,15
933,move_angle,4,25000,411.025723077,500000
934,set,current_sweep,16
935,move_angle,4,25000,411.025723077,500000
936,log,closing shutter 1,true
937,shutter,1,close
938,log,stopping slave sweep for platen,false
939,slave_sweep,3,stop,5555,8343.74,500000
940,log,rezeroing mandrel by moving 4.0 degrees,false
941,move_angle,4,277,1252.344,500000
942,log,rezero slave axis platen,false
943,slave_rezero,3,12515.61,500000
944,check_pause
945,log,moving platen -180.0 degrees,false
946,move_angle,3,-125000,12515.61,500000
947,check_pause
948,log,,false
949,log,starting layer 9,false
950,log,starting bilayer 1,false
951,set,current_N,9
952,set,current_bilayer,1
953,set,current_sweep_iterations,13.0
954,log,ofsetting platen back -4.0 degrees,false
955,move_angle,3,-2777,12515.61,500000
956,log,ofsetting mandrel back -4.0 degrees,false
957,move_angle,4,-277,1252.344,500000
958,log,sweeping slave axis platen at 8.0 angle at 2.0 RPM,false
959,slave_sweep,3,start,5555,8343.74,500000
960,log,opening shutter 2,true
961,shutter,2,open
962,log,rotating mandrel 13.0 times at 0.975 RPM,false
963,set,current_sweep,1
964,move_angle,4,25000,407.0118,500000
965,set,current_sweep,2
966,move_angle,4,25000,407.0118,500000
967,set,current_sweep,3
968,move_angle,4,25000,407.0118,500000
969,set,current_sweep,4
970,move_angle,4,25000,407.0118,500000
971,set,current_sweep,5
972,move_angle,4,25000,407.0118,500000
973,set,current_sweep,6
974,move_angle,4,25000,407.0118,500000
975,set,current_sweep,7
976,move_angle,4,25000,407.0118,500000
977,set,current_sweep,8
978,move_angle,4,25000,407.0118,500000
979,set,current_sweep,9
980,move_angle,4,25000,407.0118,500000
981,set,current_sweep,10
982,move_angle,4,25000,407.0118,500000
983,set,current_sweep,11
984,move_angle,4,25000,407.0118,500000
985,set,current_sweep,12
986,move_angle,4,25000,407.0118,500000
987,set,current_sweep,13
988,move_angle,4,25000,407.0118,500000
989,log,closing shutter 2,true
990,shutter,2,close
991,log,stopping slave sweep for platen,false
992,slave_sweep,3,stop,5555,8343.74,500000
993,log,rezeroing mandrel by moving 4.0 degrees,false
994,move_angle,4,277,1252.344,500000
995,log,rezero slave axis platen,false
996,slave_rezero,3,12515.61,500000
997,check_pause
998,log,moving platen 180.0 degrees,false
999,move_angle,3,125000,12515.61,500000
1000,check_pause
1001,log,starting bilayer 2,false
1002,set,current_N,9
1003,set,current_bilayer,2
1004,set,current_sweep_iterations,16.0
1005,log,ofsetting platen back -4.0 degrees,false
1006,move_angle,3,-2777,12515.61,500000
1007,log,ofsetting mandrel back -4.0 degrees,false
1008,move_angle,4,-277,1252.344,500000
1009,log,sweeping slave axis platen at 8.0 angle at 2.0 RPM,false
1010,slave_sweep,3,start,5555,8343.74,500000
1011,log,opening shutter 1,true
1012,shutter,1,open
1013,log,rotating mandrel 16.0 times at 1.00392156863 RPM,false
1014,set,current_sweep,1
1015,move_angle,4,25000,419.08505098,500000
1016,set,current_sweep,2
1017,move_angle,4,25000,419.08505098,500000
1018,set,current_sweep,3
1019,move_angle,4,25000,419.08505098,500000
1020,set,current_sweep,4
1021,move_angle,4,25000,419.08505098,500000
1022,set,current_sweep,5
1023,move_angle,4,25000,419.08505098,500000
1024,set,current_sweep,6
1025,move_angle,4,25000,419.08505098,500000
1026,set,current_sweep,7
1027,move_angle,4,25000,419.08505098,500000
1028,set,current_sweep,8
1029,move_angle,4,25000,419.08505098,500000
1030,set,current_sweep,9
1031,move_angle,4,25000,419.08505098,500000
1032,set,current_sweep,10
1033,move_angle,4,25000,419.08505098,500000
1034,set,current_sweep,11
1035,move_angle,4,25000,419.08505098,500000
1036,set,current_sweep,12
1037,move_angle,4,25000,419.08505098,500000
1038,set,current_sweep,13
1039,move_angle,4,25000,419.08505098,500000
1040,set,current_sweep,14
1041,move_angle,4,25000,419.08505098,500000
1042,set,current_sweep,15
1043,move_angle,4,25000,419.08505098,500000
1044,set,current_sweep,16
1045,move_angle,4,25000,419.08505098,500000
1046,log,closing shutter 1,true
1047,shutter,1,close
1048,log,stopping slave sweep for platen,false
1049,slave_sweep,3,stop,5555,8343.74,500000
1050,log,rezeroing mandrel by moving 4.0 degrees,false
1051,move_angle,4,277,1252.344,500000
1052,log,rezero slave axis platen,false
1053,slave_rezero,3,12515.61,500000
1054,check_pause
1055,log,moving platen -180.0 degrees,false
1056,move_angle,3,-125000,12515.61,500000
1057,check_pause
1058,log,,false
1059,log,starting layer 10,false
1060,log,starting bilayer 1,false
1061,set,current_N,10
1062,set,current_bilayer,1
1063,set,current_sweep_iterations,13.0
1064,log,ofsetting platen back -4.0 degrees,false
1065,move_angle,3,-2777,12515.61,500000
1066,log,ofsetting mandrel back -4.0 degrees,false
1067,move_angle,4,-277,1252.344,500000
1068,log,sweeping slave axis platen at 8.0 angle at 2.0 RPM,false
1069,slave_sweep,3,start,5555,8343.74,500000
1070,log,opening shutter 2,true
1071,shutter,2,open
1072,log,rotating mandrel 13.0 times at 0.987341772152 RPM,false
1073,set,current_sweep,1
1074,move_angle,4,25000,412.163848101,500000
1075,set,current_sweep,2
1076,move_angle,4,25000,412.163848101,500000
1077,set,current_sweep,3
1078,move_angle,4,25000,412.163848101,500000
1079,set,current_sweep,4
1080,move_angle,4,25000,412.163848101,500000
1081,set,current_sweep,5
1082,move_angle,4,25000,412.163848101,500000
1083,set,current_sweep,6
1084,move_angle,4,25000,412.163848101,500000
1085,set,current_sweep,7
1086,move_angle,4,25000,412.163848101,500000
1087,set,current_sweep,8
1088,move_angle,4,25000,412.163848101,500000
1089,set,current_sweep,9
1090,move_angle,4,25000,412.163848101,500000
1091,set,current_sweep,10
1092,move_angle,4,25000,412.163848101,500000
1093,set,current_sweep,11
1094,move_angle,4,25000,412.163848101,500000
1095,set,current_sweep,12
1096,move_angle,4,25000,412.163848101,500000
1097,set,current_sweep,13
1098,move_angle,4,25000,412.163848101,500000
1099,log,closing shutter 2,true
1100,shutter,2,close
1101,log,stopping slave sweep for platen,false
1102,slave_sweep,3,stop,5555,8343.74,500000
1103,log,rezeroing mandrel by moving 4.0 degrees,false
1104,move_angle,4,277,1252.344,500000
1105,log,rezero slave axis platen,false
1106,slave_rezero,3,12515.61,500000
1107,check_pause
1108,log,moving platen 180.0 degrees,false
1109,move_angle,3,125000,12515.61,500000
1110,check_pause
1111,log,starting bilayer 2,false
1112,set,current_N,10
1113,set,current_bilayer,2
1114,set,current_sweep_iterations,16.0
1115,log,ofsetting platen back -4.0 degrees,false
1116,move_angle,3,-2777,12515.61,500000
1117,log,ofsetting mandrel back -4.0 degrees,false
1118,move_angle,4,-277,1252.344,500000
1119,log,sweeping slave axis platen at 8.0 angle at 2.0 RPM,false
1120,slave_sweep,3,start,5555,8343.74,500000
1121,log,opening shutter 1,true
1122,shutter,1,open
1123,log,rotating mandrel 16.0 times at 1.024 RPM,false
1124,set,current_sweep,1
1125,move_angle,4,25000,427.466752,500000
1126,set,current_sweep,2
1127,move_angle,4,25000,427.466752,500000
1128,set,current_sweep,3
1129,move_angle,4,25000,427.466752,500000
1130,set,current_sweep,4
1131,move_angle,4,25000,427.466752,500000
1132,set,current_sweep,5
1133,move_angle,4,25000,427.466752,500000
1134,set,current_sweep,6
1135,move_angle,4,25000,427.466752,500000
1136,set,current_sweep,7
1137,move_angle,4,25000,427.466752,500000
1138,set,current_sweep,8
1139,move_angle,4,25000,427.466752,500000
1140,set,current_sweep,9
1141,move_angle,4,25000,427.466752,500000
1142,set,current_sweep,10
1143,move_angle,4,25000,427.466752,500000
1144,set,current_sweep,11
1145,move_angle,4,25000,427.466752,500000
1146,set,current_sweep,12
1147,move_angle,4,25000,427.466752,500000
1148,set,current_sweep,13
1149,move_angle,4,25000,427.466752,500000
1150,set,current_sweep,14
1151,move_angle,4,25000,427.466752,500000
1152,set,current_sweep,15
1153,move_angle,4,25000,427.466752,500000
1154,set,current_sweep,16
1155,move_angle,4,25000,427.466752,500000
1156,log,closing shutter 1,true
1157,shutter,1,close
1158,log,stopping slave sweep for platen,false
1159,slave_sweep,3,stop,5555,8343.74,500000
1160,log,rezeroing mandrel by moving 4.0 degrees,false
1161,move_angle,4,277,1252.344,500000
1162,log,rezero slave axis platen,false
1163,slave_rezero,3,12515.61,500000
1164,check_pause
1165,log,moving platen -180.0 degrees,false
1166,move_angle,3,-125000,12515.61,500000
1167,check_pause
1168,log,,false
1169,log,starting layer 11,false
1170,log,starting bilayer 1,false
1171,set,current_N,11
1172,set,current_bilayer,1
1173,set,current_sweep_iterations,13.0
1174,log,ofsetting platen back -4.0 degrees,false
1175,move_angle,3,-2777,12515.61,500000
1176,log,ofsetting mandrel back -4.0 degrees,false
1177,move_angle,4,-277,1252.344,500000
1178,log,sweeping slave axis platen at 8.0 angle at 2.0 RPM,false
1179,slave_sweep,3,start,5555,8343.74,500000
1180,log,opening shutter 2,true
1181,shutter,2,open
1182,log,rotating mandrel 13.0 times at 1.0 RPM,false
1183,set,current_sweep,1
1184,move_angle,4,25000,417.448,500000
1185,set,current_sweep,2
1186,move_angle,4,25000,417.448,500000
1187,set,current_sweep,3
1188,move_angle,4,25000,417.448,500000
1189,set,current_sweep,4
1190,move_angle,4,25000,417.448,500000
1191,set,current_sweep,5
1192,move_angle,4,25000,417.448,500000
1193,set,current_sweep,6
1194,move_angle,4,25000,417.448,500000
1195,set,current_sweep,7
1196,move_angle,4,25000,417.448,500000
1197,set,current_sweep,8
1198,move_angle,4,25000,417.448,500000
1199,set,current_sweep,9
1200,move_angle,4,25000,417.448,500000
1201,set,current_sweep,10
1202,move_angle,4,25000,417.448,500000
1203,set,current_sweep,11
1204,move_angle,4,25000,417.448,500000
1205,set,current_sweep,12
1206,move_angle,4,25000,417.448,500000
1207,set,current_sweep,13
1208,move_angle,4,25000,417.448,500000
1209,log,closing shutter 2,true
1210,shutter,2,close
1211,log,stopping slave sweep for platen,false
1212,slave_sweep,3,stop,5555,8343.74,500000
1213,log,rezeroing mandrel by moving 4.0 degrees,false
1214,move_angle,4,277,1252.344,500000
1215,log,rezero slave axis platen,false
1216,slave_rezero,3,12515.61,500000
1217,check_pause
1218,log,moving platen 180.0 degrees,false
1219,move_angle,3,125000,12515.61,500000
1220,check_pause
1221,log,starting bilayer 2,false
1222,set,current_N,11
1223,set,current_bilayer,2
1224,set,current_sweep_iterations,15.0
1225,log,ofsetting platen back -4.0 degrees,false
1226,move_angle,3,-2777,12515.61,500000
1227,log,ofsetting mandrel back -4.0 degrees,false
1228,move_angle,4,-277,1252.344,500000
1229,log,sweeping slave axis platen at 8.0 angle at 2.0 RPM,false
1230,slave_sweep,3,start,5555,8343.74,500000
1231,log,opening shutter 1,true
1232,shutter,1,open
1233,log,rotating mandrel 15.0 times at 0.979591836735 RPM,false
1234,set,current_sweep,1
1235,move_angle,4,25000,408.928653061,500000
1236,set,current_sweep,2
1237,move_angle,4,25000,408.928653061,500000
1238,set,current_sweep,3
1239,move_angle,4,25000,408.928653061,500000
1240,set,current_sweep,4
1241,move_angle,4,25000,408.928653061,500000
1242,set,current_sweep,5
1243,move_angle,4,25000,408.928653061,500000
1244,set,current_sweep,6
1245,move_angle,4,25000,408.928653061,500000
1246,set,current_sweep,7
1247,move_angle,4,25000,408.928653061,500000
1248,set,current_sweep,8
1249,move_angle,4,25000,408.928653061,500000
1250,set,current_sweep,9
1251,move_angle,4,25000,408.928653061,500000
1252,set,current_sweep,10
1253,move_angle,4,25000,408.928653061,500000
1254,set,current_sweep,11
1255,move_angle,4,25000,408.928653061,500000
1256,set,current_sweep,12
1257,move_angle,4,25000,408.928653061,500000
1258,set,current_sweep,13
1259,move_angle,4,25000,408.928653061,500000
1260,set,current_sweep,14
1261,move_angle,4,25000,408.928653061,500000
1262,set,current_sweep,15
1263,move_angle,4,25000,408.928653061,500000
1264,log,closing shutter 1,true
1265,shutter,1,close
1266,log,stopping slave sweep for platen,false
1267,slave_sweep,3,stop,5555,8343.74,500000
1268,log,rezeroing mandrel by moving 4.0 degrees,false
1269,move_angle,4,277,1252.344,500000
1270,log,rezero slave axis platen,false
1271,slave_rezero,3,12515.61,500000
1272,check_pause
1273,log,moving platen -180.0 degrees,false
1274,move_angle,3,-125000,12515.61,500000
1275,check_pause
1276,log,,false
1277,log,starting layer 12,false
1278,log,starting bilayer 1,false
1279,set,current_N,12
1280,set,current_bilayer,1
1281,set,current_sweep_iterations,13.0
1282,log,ofsetting platen back -4.0 degrees,false
1283,move_angle,3,-2777,12515.61,500000
1284,log,ofsetting mandrel back -4.0 degrees,false
1285,move_angle,4,-277,1252.344,500000
1286,log,sweeping slave axis platen at 8.0 angle at 2.0 RPM,false
1287,slave_sweep,3,start,5555,8343.74,500000
1288,log,opening shutter 2,true
1289,shutter,2,open
1290,log,rotating mandrel 13.0 times at 1.0 RPM,false
1291,set,current_sweep,1
1292,move_angle,4,25000,417.448,500000
1293,set,current_sweep,2
1294,move_angle,4,25000,417.448,500000
1295,set,current_sweep,3
1296,move_angle,4,25000,417.448,500000
1297,set,current_sweep,4
1298,move_angle,4,25000,417.448,500000
1299,set,current_sweep,5
1300,move_angle,4,25000,417.448,500000
1301,set,current_sweep,6
1302,move_angle,4,25000,417.448,500000
1303,set,current_sweep,7
1304,move_angle,4,25000,417.448,500000
1305,set,current_sweep,8
1306,move_angle,4,25000,417.448,500000
1307,set,current_sweep,9
1308,move_angle,4,25000,417.448,500000
1309,set,current_sweep,10
1310,move_angle,4,25000,417.448,500000
1311,set,current_sweep,11
1312,move_angle,4,25000,417.448,500000
1313,set,current_sweep,12
1314,move_angle,4,25000,417.448,500000
1315,set,current_sweep,13
1316,move_angle,4,25000,417.448,500000
1317,log,closing shutter 2,true
1318,shutter,2,close
1319,log,stopping slave sweep for platen,false
1320,slave_sweep,3,stop,5555,8343.74,500000
1321,log,rezeroing mandrel by moving 4.0 degrees,false
1322,move_angle,4,277,1252.344,500000
1323,log,rezero slave axis platen,false
1324,slave_rezero,3,12515.61,500000
1325,check_pause
1326,log,moving platen 180.0 degrees,false
1327,move_angle,3,125000,12515.61,500000
1328,check_pause
1329,log,starting bilayer 2,false
1330,set,current_N,12
1331,set,current_bilayer,2
1332,set,current_sweep_iterations,15.0
1333,log,ofsetting platen back -4.0 degrees,false
1334,move_angle,3,-2777,12515.61,500000
1335,log,ofsetting mandrel back -4.0 degrees,false
1336,move_angle,4,-277,1252.344,500000
1337,log,sweeping slave axis platen at 8.0 angle at 2.0 RPM,false
1338,slave_sweep,3,start,5555,8343.74,500000
1339,log,opening shutter 1,true
1340,shutter,1,open
1341,log,rotating mandrel 15.0 times at 1.0 RPM,false
1342,set,current_sweep,1
1343,move_angle,4,25000,417.448,500000
1344,set,current_sweep,2
1345,move_angle,4,25000,417.448,500000
1346,set,current_sweep,3
1347,move_angle,4,25000,417.448,500000
1348,set,current_sweep,4
1349,move_angle,4,25000,417.448,500000
1350,set,current_sweep,5
1351,move_angle,4,25000,417.448,500000
1352,set,current_sweep,6
1353,move_angle,4,25000,417.448,500000
1354,set,current_sweep,7
1355,move_angle,4,25000,417.448,500000
1356,set,current_sweep,8
1357,move_angle,4,25000,417.448,500000
1358,set,current_sweep,9
1359,move_angle,4,25000,417.448,500000
1360,set,current_sweep,10
1361,move_angle,4,25000,417.448,500000
1362,set,current_sweep,11
1363,move_angle,4,25000,417.448,500000
1364,set,current_sweep,12
1365,move_angle,4,25000,417.448,500000
1366,set,current_sweep,13
1367,move_angle,4,25000,417.448,500000
1368,set,current_sweep,14
1369,move_angle,4,25000,417.448,500000
1370,set,current_sweep,15
1371,move_angle,4,25000,417.448,500000
1372,log,closing shutter 1,true
1373,shutter,1,close
1374,log,stopping slave sweep for platen,false
1375,slave_sweep,3,stop,5555,8343.74,500000
1376,log,rezeroing mandrel by moving 4.0 degrees,false
1377,move_angle,4,277,1252.344,500000
1378,log,rezero slave axis platen,false
1379,slave_rezero,3,12515.61,500000
1380,check_pause
1381,log,moving platen -180.0 degrees,false
1382,move_angle,3,-125000,12515.61,500000
1383,check_pause
1384,log,,false
1385,log,starting layer 13,false
1386,log,starting bilayer 1,false
1387,set,current_N,13
1388,set,current_bilayer,1
1389,set,current_sweep_iterations,13.0
1390,log,ofsetting platen back -4.0 degrees,false
1391,move_angle,3,-2777,12515.61,500000
1392,log,ofsetting mandrel back -4.0 degrees,false
1393,move_angle,4,-277,1252.344,500000
1394,log,sweeping slave axis platen at 8.0 angle at 2.0 RPM,false
1395,slave_sweep,3,start,5555,8343.74,500000
1396,log,opening shutter 2,true
1397,shutter,2,open
1398,log,rotating mandrel 13.0 times at 1.01298701299 RPM,false
1399,set,current_sweep,1
1400,move_angle,4,25000,422.869402597,500000
1401,set,current_sweep,2
1402,move_angle,4,25000,422.869402597,500000
1403,set,current_sweep,3
1404,move_angle,4,25000,422.869402597,500000
1405,set,current_sweep,4
1406,move_angle,4,25000,422.869402597,500000
1407,set,current_sweep,5
1408,move_angle,4,25000,422.869402597,500000
1409,set,current_sweep,6
1410,move_angle,4,25000,422.869402597,500000
1411,set,current_sweep,7
1412,move_angle,4,25000,422.869402597,500000
1413,set,current_sweep,8
1414,move_angle,4,25000,422.869402597,500000
1415,set,current_sweep,9
1416,move_angle,4,25000,422.869402597,500000
1417,set,current_sweep,10
1418,move_angle,4,25000,422.869402597,500000
1419,set,current_sweep,11
1420,move_angle,4,25000,422.869402597,500000
1421,set,current_sweep,12
1422,move_angle,4,25000,422.869402597,500000
1423,set,current_sweep,13
1424,move_angle,4,25000,422.869402597,500000
1425,log,closing shutter 2,true
1426,shutter,2,close
1427,log,stopping slave sweep for platen,false
1428,slave_sweep,3,stop,5555,8343.74,500000
1429,log,rezeroing mandrel by moving 4.0 degrees,false
1430,move_angle,4,277,1252.344,500000
1431,log,rezero slave axis platen,false
1432,slave_rezero,3,12515.61,500000
1433,check_pause
1434,log,moving platen 180.0 degrees,false
1435,move_angle,3,125000,12515.61,500000
1436,check_pause
1437,log,starting bilayer 2,false
1438,set,current_N,13
1439,set,current_bilayer,2
1440,set,current_sweep_iterations,15.0
1441,log,ofsetting platen back -4.0 degrees,false
1442,move_angle,3,-2777,12515.61,500000
1443,log,ofsetting mandrel back -4.0 degrees,false
1444,move_angle,4,-277,1252.344,500000
1445,log,sweeping slave axis platen at 8.0 angle at 2.0 RPM,false
1446,slave_sweep,3,start,5555,8343.74,500000
1447,log,opening shutter 1,true
1448,shutter,1,open
1449,log,rotating mandrel 15.0 times at 1.02127659574 RPM,false
1450,set,current_sweep,1
1451,move_angle,4,25000,426.32987234,500000
1452,set,current_sweep,2
1453,move_angle,4,25000,426.32987234,500000
1454,set,current_sweep,3
1455,move_angle,4,25000,426.32987234,500000
1456,set,current_sweep,4
1457,move_angle,4,25000,426.32987234,500000
1458,set,current_sweep,5
1459,move_angle,4,25000,426.32987234,500000
1460,set,current_sweep,6
1461,move_angle,4,25000,426.32987234,500000
1462,set,current_sweep,7
1463,move_angle,4,25000,426.32987234,500000
1464,set,current_sweep,8
1465,move_angle,4,25000,426.32987234,500000
1466,set,current_sweep,9
1467,move_angle,4,25000,426.32987234,500000
1468,set,current_sweep,10
1469,move_angle,4,25000,426.32987234,500000
1470,set,current_sweep,11
1471,move_angle,4,25000,426.32987234,500000
1472,set,current_sweep,12
1473,move_angle,4,25000,426.32987234,500000
1474,set,current_sweep,13
1475,move_angle,4,25000,426.32987234,500000
1476,set,current_sweep,14
1477,move_angle,4,25000,426.32987234,500000
1478,set,current_sweep,15
1479,move_angle,4,25000,426.32987234,500000
1480,log,closing shutter 1,true
1481,shutter,1,close
1482,log,stopping slave sweep for platen,false
1483,slave_sweep,3,stop,5555,8343.74,500000
1484,log,rezeroing mandrel by moving 4.0 degrees,false
1485,move_angle,4,277,1252.344,500000
1486,log,rezero slave axis platen,false
1487,slave_rezero,3,12515.61,500000
1488,check_pause
1489,log,moving platen -180.0 degrees,false
1490,move_angle,3,-125000,12515.61,500000
1491,check_pause
1492,log,,false
1493,log,starting layer 14,false
1494,log,starting bilayer 1,false
1495,set,current_N,14
1496,set,current_bilayer,1
1497,set,current_sweep_iterations,13.0
1498,log,ofsetting platen back -4.0 degrees,false
1499,move_angle,3,-2777,12515.61,500000
1500,log,ofsetting mandrel back -4.0 degrees,false
1501,move_angle,4,-277,1252.344,500000
1502,log,sweeping slave axis platen at 8.0 angle at 2.0 RPM,false
1503,slave_sweep,3,start,5555,8343.74,500000
1504,log,opening shutter 2,true
1505,shutter,2,open
1506,log,rotating mandrel 13.0 times at 1.02631578947 RPM,false
1507,set,current_sweep,1
1508,move_angle,4,25000,428.433473684,500000
1509,set,current_sweep,2
1510,move_angle,4,25000,428.433473684,500000
1511,set,current_sweep,3
1512,move_angle,4,25000,428.433473684,500000
1513,set,current_sweep,4
1514,move_angle,4,25000,428.433473684,500000
1515,set,current_sweep,5
1516,move_angle,4,25000,428.433473684,500000
1517,set,current_sweep,6
1518,move_angle,4,25000,428.433473684,500000
1519,set,current_sweep,7
1520,move_angle,4,25000,428.433473684,500000
1521,set,current_sweep,8
1522,move_angle,4,25000,428.433473684,500000
1523,set,current_sweep,9
1524,move_angle,4,25000,428.433473684,500000
1525,set,current_sweep,10
1526,move_angle,4,25000,428.433473684,500000
1527,set,current_sweep,11
1528,move_angle,4,25000,428.433473684,500000
1529,set,current_sweep,12
1530,move_angle,4,25000,428.433473684,500000
1531,set,current_sweep,13
1532,move_angle,4,25000,428.433473684,500000
1533,log,closing shutter 2,true
1534,shutter,2,close
1535,log,stopping slave sweep for platen,false
1536,slave_sweep,3,stop,5555,8343.74,500000
1537,log,rezeroing mandrel by moving 4.0 degrees,false
1538,move_angle,4,277,1252.344,500000
1539,log,rezero slave axis platen,false
1540,slave_rezero,3,12515.61,500000
1541,check_pause
1542,log,moving platen 180.0 degrees,false
1543,move_angle,3,125000,12515.61,500000
1544,check_pause
1545,log,starting bilayer 2,false
1546,set,current_N,14
1547,set,current_bilayer,2
1548,set,current_sweep_iterations,15.0
1549,log,ofsetting platen back -4.0 degrees,false
1550,move_angle,3,-2777,12515.61,500000
1551,log,ofsetting mandrel back -4.0 degrees,false
1552,move_angle,4,-277,1252.344,500000
1553,log,sweeping slave axis platen at 8.0 angle at 2.0 RPM,false
1554,slave_sweep,3,start,5555,8343.74,500000
1555,log,opening shutter 1,true
1556,shutter,1,open
1557,log,rotating mandrel 15.0 times at 1.03225806452 RPM,false
1558,set,current_sweep,1
1559,move_angle,4,25000,430.914064516,500000
1560,set,current_sweep,2
1561,move_angle,4,25000,430.914064516,500000
1562,set,current_sweep,3
1563,move_angle,4,25000,430.914064516,500000
1564,set,current_sweep,4
1565,move_angle,4,25000,430.914064516,500000
1566,set,current_sweep,5
1567,move_angle,4,25000,430.914064516,500000
1568,set,current_sweep,6
1569,move_angle,4,25000,430.914064516,500000
1570,set,current_sweep,7
1571,move_angle,4,25000,430.914064516,500000
1572,set,current_sweep,8
1573,move_angle,4,25000,430.914064516,500000
1574,set,current_sweep,9
1575,move_angle,4,25000,430.914064516,500000
1576,set,current_sweep,10
1577,move_angle,4,25000,430.914064516,500000
1578,set,current_sweep,11
1579,move_angle,4,25000,430.914064516,500000
1580,set,current_sweep,12
1581,move_angle,4,25000,430.914064516,500000
1582,set,current_sweep,13
1583,move_angle,4,25000,430.914064516,500000
1584,set,current_sweep,14
1585,move_angle,4,25000,430.914064516,500000
1586,set,current_sweep,15
1587,move_angle,4,25000,430.914064516,500000
1588,log,closing shutter 1,true
1589,shutter,1,close
1590,log,stopping slave sweep for platen,false
1591,slave_sweep,3,stop,5555,8343.74,500000
1592,log,rezeroing mandrel by moving 4.0 degrees,false
1593,move_angle,4,277,1252.344,500000
1594,log,rezero slave axis platen,false
1595,slave_rezero,3,12515.61,500000
1596,check_pause
1597,log,moving platen -180.0 degrees,false
1598,move_angle,3,-125000,12515.61,500000
1599,check_pause
